SC,名称,株価,高値
1301,極洋,3335,3340
1332,日本水産,614,622
1333,マルハニチロ,3265,3295
1352,ホウスイ,125,127
1376,カネコ種苗,1506,1515
1377,サカタのタネ,3225,3225
1379,ホクト,1931,1941
1380,秋川牧園,601,601
1381,アクシーズ,3340,3370
1382,ホーブ,991,991
1383,ベルグアース,1395,1400
1384,ホクリヨウ,919,928
1400,ルーデン・ホールディングス,223,228
1401,エムビーエス,603,609
1407,ウエストホールディングス,738,738
1408,サムシングホールディングス,475,475
1413,桧家ホールディングス,2109,2153
1414,ショーボンドホールディングス,6270,6300
1417,ミライト・ホールディングス,1301,1303
1418,インターライフホールディングス,260,261
1419,タマホーム,715,717
1420,サンヨーホームズ,639,644
1429,日本アクア,461,466
1430,ファーストコーポレーション,1154,1172
1431,エスケーホーム,1160,1188
1433,ベステラ,1998,2019
1434,JESCOホールディングス,451,456
1435,インベスターズクラウド,6500,6630
1436,フィット,1258,1267
1438,岐阜造園,1390,1390
1439,安江工務店,1497,1512
1491,中外鉱業,32,33
1514,住石ホールディングス,113,115
1515,日鉄鉱業,8040,8050
1518,三井松島産業,1458,1460
1605,国際石油開発帝石,1091.5,1098.5
1606,日本海洋掘削,2058,2086
1662,石油資源開発,2142,2146
1663,K＆Oエナジーグループ,1810,1817
1711,省電舎ホールディングス,706,706
1712,ダイセキ環境ソリューション,1300,1305
1716,第一カッター興業,1183,1185
1717,明豊ファシリティワークス,363,366
1718,美樹工業,4360,4360
1719,安藤・間,749,755
1720,東急建設,879,881
1721,コムシスホールディングス,2533,2539
1722,ミサワホーム,933,937
1723,日本電技,2850,2850
1724,シンクレイヤ,473,481
1726,ビーアールホールディングス,403,404
1728,ミサワホーム中国,296,300
1730,麻生フオームクリート,363,363
1734,北弘電社,385,389
1736,オーテック,1456,1469
1737,三井金属エンジニアリング,1275,1293
1738,NITTOH,524,534
1739,シード平和,1685,1687
1743,コーアツ工業,2709,2725
1757,クレアホールディングス,28,29
1758,太洋基礎工業,1076,1076
1762,高松コンストラクショングループ,2988,2988
1764,工藤建設,247,250
1766,東建コーポレーション,13420,13640
1768,ソネック,853,858
1770,藤田エンジニアリング,698,703
1771,日本乾溜工業,503,507
1773,ワイ・ティー・エル・コーポレーション・バーハッド,37,37
1775,富士古河E＆C,371,373
1776,三井住建道路,300,300
1777,川崎設備工業,450,450
1780,ヤマウラ,1014,1018
1782,常磐開発,718,718
1783,アジアゲートホールディングス,82,82
1787,ナカボーテック,1349,1349
1788,三東工業社,197,197
1789,山加電業,639,658
1793,大本組,905,905
1795,マサル,549,549
1798,守谷商会,385,387
1799,第一建設工業,1376,1379
1801,大成建設,1148,1152
1802,大林組,1298,1302
1803,清水建設,1186,1187
1805,飛島建設,156,157
1807,佐藤渡辺,490,490
1808,長谷工コーポレーション,1399,1405
1810,松井建設,961,965
1811,錢高組,530,531
1812,鹿島建設,1028,1028
1813,不動テトラ,178,180
1814,大末建設,977,977
1815,鉄建建設,355,356
1820,西松建設,596,602
1821,三井住友建設,121,121
1822,大豊建設,501,502
1824,前田建設工業,1281,1286
1826,佐田建設,465,468
1827,ナカノフドー建設,584,587
1828,田辺工業,1006,1013
1832,北海電気工事,510,530
1833,奥村組,810,815
1835,東鉄工業,3600,3610
1840,土屋ホールディングス,198,200
1841,サンユー建設,972,972
1844,大盛工業,225,237
1846,鈴縫工業,301,301
1847,イチケン,519,519
1848,富士ピー・エス,459,461
1850,南海辰村建設,62,63
1852,淺沼組,321,324
1853,森組,188,191
1860,戸田建設,811,818
1861,熊谷組,336,336
1865,青木あすなろ建設,937,947
1866,北野建設,440,441
1867,植木組,269,270
1868,三井ホーム,705,706
1869,名工建設,950,950
1870,矢作建設工業,984,988
1871,ピーエス三菱,595,602
1873,日本ハウスホールディングス,559,559
1878,大東建託,19385,19415
1879,新日本建設,837,843
1881,NIPPO,2196,2196
1882,東亜道路工業,414,420
1883,前田道路,2256,2256
1884,日本道路,615,615
1885,東亜建設工業,2149,2163
1888,若築建設,190,190
1890,東洋建設,483,484
1892,徳倉建設,268,270
1893,五洋建設,643,645
1897,金下建設,688,690
1898,世紀東急工業,630,633
1899,福田組,6030,6050
1904,大成温調,1585,1586
1905,テノックス,1192,1216
1906,細田工務店,144,144
1909,日本ドライケミカル,2340,2346
1911,住友林業,1665,1665
1914,日本基礎技術,375,377
1916,日成ビルド工業,596,596
1919,ヤマダ・エスバイエルホーム,83,84
1921,巴コーポレーション,420,442
1924,パナホーム,1190,1194
1925,大和ハウス工業,3765,3772
1926,ライト工業,1089,1089
1928,積水ハウス,1852.5,1855.5
1929,日特建設,561,565
1930,北陸電気工事,973,995
1931,日本電通,3505,3570
1933,SYSKEN,350,354
1934,ユアテック,794,805
1935,TTK,520,522
1936,シーキューブ,544,545
1937,西部電気工業,2430,2430
1938,日本リーテック,1188,1200
1939,四電工,589,595
1941,中電工,3020,3020
1942,関電工,1149,1149
1944,きんでん,1710,1714
1945,東京エネシス,1149,1156
1946,トーエネック,637,642
1948,弘電社,375,377
1949,住友電設,1953,1953
1950,日本電設工業,2220,2237
1951,協和エクシオ,2042,2053
1952,新日本空調,1576,1580
1954,日本工営,3645,3655
1956,NDS,3360,3405
1959,九電工,4300,4320
1960,サンテック,869,869
1961,三機工業,1234,1236
1963,日揮,1713,1720
1964,中外炉工業,217,217
1965,テクノ菱和,800,804
1966,高田工業所,663,666
1967,ヤマト,719,724
1968,太平電業,1424,1429
1969,高砂熱学工業,1857,1857
1971,中央ビルト工業,129,129
1972,三晃金属工業,3345,3345
1973,NECネッツエスアイ,2642,2644
1975,朝日工業社,3395,3410
1976,明星工業,749,754
1979,大氣社,2910,2950
1980,ダイダン,1430,1430
1981,協和日成,714,715
1982,日比谷総合設備,2355,2372
1983,東芝プラントシステム,1944,1944
1984,三信建設工業,348,348
1987,ソルコム,1920,1945
1989,北陸電話工事,343,344
1992,神田通信機,200,200
1994,高橋カーテンウォール工業,634,635
1997,暁飯島工業,1223,1250
1999,サイタホールディングス,195,195
2001,日本製粉,1736,1751
2002,日清製粉グループ本社,1942,1963
2003,日東富士製粉,3985,3985
2004,昭和産業,621,627
2008,増田製粉所,368,368
2009,鳥越製粉,828,831
2053,中部飼料,2043,2094
2055,日和産業,289,289
2058,ヒガシマル,1046,1080
2060,フィード・ワン,243,248
2107,東洋精糖,124,125
2108,日本甜菜製糖,2460,2460
2109,三井製糖,3815,3820
2112,塩水港精糖,250,252
2114,フジ日本精糖,582,582
2117,日新製糖,1993,2009
2120,LIFULL,924,926
2121,ミクシィ,5470,5550
2122,インタースペース,1845,1845
2124,ジェイエイシーリクルートメント,1636,1641
2127,日本M＆Aセンター,5430,5430
2130,メンバーズ,625,633
2134,燦キャピタルマネージメント,89,89
2136,ヒップ,1186,1186
2137,光ハイツ・ヴェラス,830,830
2138,クルーズ,2368,2408
2139,中広,809,809
2144,やまねメディカル,240,241
2146,UTグループ,2190,2190
2148,アイティメディア,650,666
2150,ケアネット,1660,1667
2151,タケエイ,1170,1171
2152,幼児活動研究会,1490,1521
2153,E・Jホールディングス,1082,1101
2154,トラスト・テック,3205,3270
2156,セーラー広告,350,353
2157,コシダカホールディングス,3320,3425
2158,FRONTEO,609,620
2159,フルスピード,1011,1018
2160,ジーエヌアイグループ,403,408
2162,nmsホールディングス,1265,1357
2163,アルトナー,1486,1492
2164,地域新聞社,417,417
2168,パソナグループ,1153,1170
2169,CDS,1243,1252
2170,リンクアンドモチベーション,692,699
2172,インサイト,326,326
2173,博展,630,640
2174,GCA,1011,1011
2175,エス・エム・エス,3680,3700
2176,イナリサーチ,694,694
2178,トライステージ,604,607
2179,成学社,989,993
2180,サニーサイドアップ,773,776
2181,パーソルホールディングス,2398,2450
2183,リニカル,1493,1511
2185,シイエム・シイ,4350,4350
2186,ソーバル,950,958
2191,テラ,528,540
2193,クックパッド,758,767
2195,アミタホールディングス,1116,1116
2196,エスクリ,804,818
2198,アイ・ケイ・ケイ,834,837
2201,森永製菓,6550,6560
2204,中村屋,5060,5070
2206,江崎グリコ,5790,5860
2207,名糖産業,1522,1536
2208,ブルボン,2527,2535
2209,井村屋グループ,2057,2070
2211,不二家,2443,2443
2212,山崎製パン,2069,2069
2215,第一屋製パン,1197,1199
2216,カンロ,3060,3150
2217,モロゾフ,7650,7670
2218,日糧製パン,213,213
2220,亀田製菓,4940,4950
2221,岩塚製菓,5430,5500
2222,寿スピリッツ,3605,3605
2224,コモ,2389,2393
2226,湖池屋,4840,4840
2228,シベール,2919,2919
2229,カルビー,3880,3915
2264,森永乳業,867,878
2266,六甲バター,2366,2368
2267,ヤクルト本社,7990,8000
2268,B-Rサーティワンアイスクリーム,4015,4025
2269,明治ホールディングス,8640,8680
2270,雪印メグミルク,3250,3275
2281,プリマハム,769,769
2282,日本ハム,3110,3125
2286,林兼産業,925,928
2288,丸大食品,537,538
2291,福留ハム,442,442
2292,S　Foods,4195,4195
2293,滝沢ハム,647,650
2294,柿安本店,1941,1948
2296,伊藤ハム米久ホールディングス,1015,1030
2300,きょくとう,632,632
2301,学情,1271,1276
2303,ドーン,1372,1381
2304,CSSホールディングス,430,432
2305,スタジオアリス,2600,2608
2307,クロスキャット,719,719
2309,シミックホールディングス,1490,1497
2311,エプコ,3275,3400
2315,カイカ,65,66
2317,システナ,2785,2787
2321,ソフトフロントホールディングス,206,212
2323,fonfun,430,430
2325,NJS,1370,1383
2326,デジタルアーツ,4680,4695
2327,新日鉄住金ソリューションズ,2431,2460
2329,東北新社,768,769
2330,フォーサイド,340,343
2331,綜合警備保障,5050,5090
2332,クエスト,848,848
2335,キューブシステム,827,829
2337,いちご,372,374
2338,ファステップス,574,650
2340,極楽湯ホールディングス,792,794
2341,アルバイトタイムス,222,222
2342,トランスジェニック,608,611
2344,平安レイサービス,965,965
2345,アイスタディ,1277,1284
2349,エヌアイデイ,3290,3320
2351,ASJ,2045,2065
2352,エイジア,1117,1125
2353,日本駐車場開発,165,165
2354,安川情報システム,587,594
2359,コア,1699,1714
2362,夢真ホールディングス,805,805
2370,メディネット,126,127
2371,カカクコム,1389,1410
2372,アイロムグループ,1547,1566
2373,ケア21,3560,3600
2374,セントケア・ホールディング,2274,2285
2375,スリープログループ,1000,1016
2376,サイネックス,965,968
2378,ルネサンス,1767,1776
2379,ディップ,2472,2494
2384,SBSホールディングス,779,784
2385,総医研ホールディングス,626,638
2388,ウェッジホールディングス,528,531
2389,オプトホールディング,1236,1242
2391,プラネット,2173,2178
2393,日本ケアサプライ,1229,1234
2395,新日本科学,528,544
2397,DNAチップ研究所,1398,1449
2398,ツクイ,757,759
2402,アマナ,877,890
2404,鉄人化計画,385,386
2405,フジコー,458,464
2406,アルテサロンホールディングス,769,776
2408,KG情報,801,803
2410,キャリアデザインセンター,1632,1633
2411,ゲンダイエージェンシー,567,567
2412,ベネフィット・ワン,4625,4645
2413,エムスリー,3170,3180
2415,ヒューマンホールディングス,1551,1563
2417,ツヴァイ,790,794
2418,ツカダ・グローバルホールディング,556,557
2424,ブラス,1026,1068
2425,ケアサービス,2260,2277
2427,アウトソーシング,7050,7110
2428,ウェルネット,1147,1159
2429,ワールドホールディングス,3470,3470
2432,ディー・エヌ・エー,2410,2417
2433,博報堂DYホールディングス,1451,1465
2435,シダー,313,318
2436,共同ピーアール,1153,1153
2437,シンワアートオークション,429,429
2438,アスカネット,1860,1898
2440,ぐるなび,1633,1643
2445,エスアールジータカミヤ,631,635
2449,プラップジャパン,1551,1575
2453,ジャパンベストレスキューシステム,424,432
2454,オールアバウト,1552,1565
2458,夢テクノロジー,868,884
2459,アウンコンサルティング,310,314
2461,ファンコミュニケーションズ,1189,1190
2462,ライク,1858,1867
2464,ビジネス・ブレークスルー,388,388
2467,バルクホールディングス,131,132
2468,フュートレック,906,914
2469,ヒビノ,1960,1971
2471,エスプール,2828,2840
2475,WDBホールディングス,2606,2666
2477,比較.com,1709,1729
2479,ジェイテック,214,216
2480,システム・ロケーション,1119,1119
2481,タウンニュース社,413,417
2483,翻訳センター,3655,3685
2484,夢の街創造委員会,1751,1770
2485,ティア,858,869
2487,CDG,1928,1929
2488,日本サード・パーティ,997,1018
2489,アドウェイズ,494,495
2491,バリューコマース,731,733
2492,インフォマート,749,756
2493,イーサポートリンク,1179,1180
2497,ユナイテッド,2541,2549
2498,ACKグループ,1320,1343
2499,日本和装ホールディングス,284,290
2501,サッポロホールディングス,3130,3145
2502,アサヒグループホールディングス,4560,4610
2503,キリンホールディングス,2479,2484
2531,宝ホールディングス,1039,1057
2533,オエノンホールディングス,280,282
2538,ジャパン・フード＆リカー・アライアンス,47,49
2540,養命酒製造,2197,2213
2551,マルサンアイ,3820,3870
2573,北海道コカ・コーラボトリング,714,716
2579,コカ・コーラボトラーズジャパン,3810,3820
2586,フルッタフルッタ,859,861
2587,サントリー食品インターナショナル,5100,5210
2588,プレミアムウォーターホールディングス,1249,1249
2590,ダイドーグループホールディングス,5350,5390
2593,伊藤園,3825,3855
2594,キーコーヒー,2194,2202
2597,ユニカフェ,1005,1018
2599,ジャパンフーズ,1379,1386
2602,日清オイリオグループ,743,755
2607,不二製油グループ本社,2922,2936
2608,ボーソー油脂,169,169
2612,かどや製油,5610,5700
2613,J-オイルミルズ,4040,4095
2651,ローソン,7220,7260
2652,まんだらけ,647,647
2653,イオン九州,1776,1776
2654,アスモ,77,77
2655,マックスバリュ東北,1278,1278
2656,ベクター,552,565
2659,サンエー,4890,4900
2664,カワチ薬品,2668,2688
2666,オートウェーブ,117,117
2667,イメージワン,383,383
2668,タビオ,1040,1049
2669,カネ美食品,3400,3400
2670,エービーシー・マート,5790,5810
2673,夢みつけ隊,151,156
2674,ハードオフコーポレーション,1131,1136
2675,ダイナック,1686,1696
2676,高千穂交易,1063,1072
2678,アスクル,3480,3570
2681,ゲオホールディングス,1539,1549
2683,魚喜,1470,1470
2685,アダストリア,2437,2438
2686,ジーフット,764,767
2687,シー・ヴイ・エス・ベイエリア,700,703
2689,カワニシホールディングス,1518,1518
2692,伊藤忠食品,5040,5050
2693,YKT,191,192
2694,ジー・テイスト,83,84
2695,くらコーポレーション,4965,4975
2698,キャンドゥ,1734,1743
2700,木徳神糧,690,695
2702,日本マクドナルドホールディングス,4955,5010
2703,日本ライトン,297,297
2705,大戸屋ホールディングス,2028,2040
2706,ブロッコリー,673,691
2708,久世,885,892
2714,プラマテルズ,816,825
2715,エレマテック,2045,2045
2719,キタムラ,736,737
2721,ジェイホールディングス,715,722
2722,アイケイ,6300,6470
2726,パルグループホールディングス,3570,3600
2729,JALUX,2628,2640
2730,エディオン,1051,1058
2733,あらた,4805,4825
2734,サーラコーポレーション,877,885
2735,ワッツ,1229,1237
2736,サダマツ,232,234
2737,トーメンデバイス,2595,2615
2742,ハローズ,2478,2478
2743,ピクセルカンパニーズ,261,261
2747,北雄ラッキー,593,594
2749,JPホールディングス,353,354
2750,石光商事,413,413
2751,テンポスバスターズ,1923,1924
2752,フジオフードシステム,1742,1742
2753,あみやき亭,4725,4750
2754,東葛ホールディングス,451,459
2760,東京エレクトロンデバイス,1950,1960
2761,トシン・グループ,3250,3250
2762,三光マーケティングフーズ,982,986
2763,エフティグループ,927,928
2764,ひらまつ,602,606
2767,フィールズ,1111,1127
2768,双日,301,304
2769,ヴィレッジヴァンガードコーポレーション,1083,1083
2772,ゲンキー,4615,4680
2773,ミューチュアル,881,882
2776,クリムゾン,94,94
2777,カッシーナ・イクスシー,910,915
2778,パレモ・ホールディングス,268,268
2780,コメ兵,1623,1635
2782,セリア,6490,6670
2784,アルフレッサホールディングス,2067,2074
2788,アップルインターナショナル,340,352
2789,カルラ,460,461
2790,ナフコ,1776,1800
2791,大黒天物産,5260,5260
2792,ハニーズホールディングス,1258,1258
2795,日本プリメックス,685,686
2796,ファーマライズホールディングス,577,577
2798,ワイズテーブルコーポレーション,2740,2740
2801,キッコーマン,3465,3490
2802,味の素,2157.5,2161
2804,ブルドックソース,2215,2215
2805,ヱスビー食品,7860,7940
2806,ユタカフーズ,1893,1893
2809,キユーピー,2644,2658
2810,ハウス食品グループ本社,3500,3545
2811,カゴメ,3475,3485
2812,焼津水産化学工業,1186,1189
2813,和弘食品,304,304
2814,佐藤食品工業,1383,1383
2815,アリアケジャパン,8140,8280
2816,ダイショー,1314,1314
2818,ピエトロ,1643,1644
2819,エバラ食品工業,2081,2087
2820,やまみ,1706,1745
2830,アヲハタ,2460,2470
2831,はごろもフーズ,1403,1403
2871,ニチレイ,2901,2907
2872,セイヒョー,3140,3180
2874,横浜冷凍,1081,1082
2875,東洋水産,4165,4190
2876,ジェーシー・コムサ,373,378
2877,日東ベスト,870,872
2882,イートアンド,2518,2520
2883,大冷,2021,2024
2884,ヨシムラ・フード・ホールディングス,3905,3930
2892,日本食品化工,460,460
2894,石井食品,203,203
2897,日清食品ホールディングス,7020,7070
2899,永谷園ホールディングス,1278,1282
2901,石垣食品,224,237
2902,太陽化学,1304,1311
2903,シノブフーズ,725,726
2904,一正蒲鉾,1287,1292
2905,オーケー食品工業,124,124
2907,あじかん,1109,1111
2908,フジッコ,2688,2720
2910,ロック・フィールド,2008,2019
2911,旭松食品,410,410
2914,日本たばこ産業,3696,3722
2915,ケンコーマヨネーズ,2775,2775
2916,仙波糖化工業,592,597
2917,大森屋,916,916
2918,わらべや日洋ホールディングス,2762,2769
2919,マルタイ,545,545
2922,なとり,1950,1990
2923,サトウ食品工業,3685,3705
2924,イフジ産業,807,807
2925,ピックルスコーポレーション,1631,1634
2926,篠崎屋,137,139
2927,AFC-HDアムスライフサイエンス,819,819
2928,RIZAPグループ,1926,1936
2929,ファーマフーズ,385,385
2930,北の達人コーポレーション,1097,1112
2931,ユーグレナ,1138,1138
3001,片倉工業,1336,1342
3002,グンゼ,522,523
3003,ヒューリック,1043,1066
3004,神栄,158,158
3010,価値開発,241,243
3011,バナーズ,200,201
3020,アプライド,1719,1750
3021,パシフィックネット,496,497
3022,山下医科器械,1705,1715
3023,ラサ商事,1048,1048
3024,クリエイト,558,562
3028,アルペン,2161,2167
3030,ハブ,1010,1020
3031,ラクーン,610,613
3032,ゴルフ・ドゥ,508,509
3034,クオール,1912,1917
3035,ケイティケイ,387,390
3036,アルコニックス,1864,1890
3038,神戸物産,5200,5240
3040,ソリトンシステムズ,1220,1285
3041,ビューティ花壇,300,300
3042,セキュアヴェイル,727,738
3045,カワサキ,1483,1485
3046,ジンズ,6600,6600
3047,TRUCK-ONE,214,214
3048,ビックカメラ,1269,1313
3050,DCMホールディングス,1016,1016
3053,ペッパーフードサービス,3750,3780
3054,ハイパー,636,638
3055,ほくやく・竹山ホールディングス,654,654
3057,ゼットン,887,888
3058,三洋堂ホールディングス,1000,1000
3059,ヒラキ,988,995
3063,ジェイグループホールディングス,827,833
3064,MonotaRO,3385,3405
3065,ライフフーズ,1758,1760
3066,JBイレブン,816,817
3067,東京一番フーズ,604,606
3068,WDI,1443,1444
3069,アスラポート・ダイニング,460,461
3070,アマガサ,491,491
3071,ストリーム,115,117
3073,DDホ－ルディングス,2552,2557
3075,銚子丸,4410,4420
3076,あいホールディングス,2798,2798
3077,ホリイフードサービス,1069,1080
3079,ディーブイエックス,1495,1495
3080,ジェーソン,375,375
3082,きちり,698,699
3083,シーズメン,560,569
3085,アークランドサービスホールディングス,2161,2176
3086,J.フロントリテイリング,1431,1481
3087,ドトール・日レスホールディングス,2396,2408
3088,マツモトキヨシホールディングス,7730,8040
3089,テクノアルファ,1204,1222
3091,ブロンコビリー,2697,2701
3092,スタートトゥデイ,3565,3565
3093,トレジャー・ファクトリー,806,815
3094,スーパーバリュー,997,999
3096,オーシャンシステム,976,988
3097,物語コーポレーション,7070,7090
3098,ココカラファイン,6330,6460
3099,三越伊勢丹ホールディングス,1122,1154
3101,東洋紡,198,199
3103,ユニチカ,81,82
3104,富士紡ホールディングス,3715,3730
3105,日清紡ホールディングス,1328,1366
3106,倉敷紡績,290,291
3107,ダイワボウホールディングス,436,436
3109,シキボウ,158,160
3110,日東紡績,627,638
3111,オーミケンシ,81,81
3113,Oakキャピタル,256,256
3116,トヨタ紡織,2255,2259
3121,マーチャント・バンカーズ,370,372
3123,サイボー,476,476
3125,新内外綿,117,118
3131,シンデン・ハイテックス,3550,3550
3132,マクニカ・富士エレホールディングス,2010,2014
3133,海帆,764,764
3134,Hamee,2060,2135
3135,マーケットエンタープライズ,610,621
3136,エコノス,420,420
3137,ファンデリー,1424,1424
3138,富士山マガジンサービス,1293,1310
3139,ラクト・ジャパン,4050,4065
3140,イデアインターナショナル,958,969
3141,ウエルシアホールディングス,4475,4475
3143,オーウイル,931,935
3148,クリエイトSDホールディングス,2975,2975
3150,グリムス,2477,2530
3151,バイタルケーエスケー・ホールディングス,943,945
3153,八洲電機,941,945
3154,メディアスホールディングス,2600,2624
3156,UKCホールディングス,1905,1912
3157,ジューテックホールディングス,1250,1260
3159,丸善CHIホールディングス,349,351
3160,大光,1001,1009
3161,アゼアス,588,598
3165,フーマイスターエレクトロニクス,1046,1046
3166,OCHIホールディングス,1308,1316
3167,TOKAIホールディングス,844,848
3168,黒谷,1416,1428
3169,ミサワ,450,450
3171,マックスバリュ九州,2075,2075
3172,ティーライフ,1413,1418
3173,大阪工機,1021,1036
3174,ハピネス・アンド・ディ,1094,1119
3175,エー・ピーカンパニー,733,752
3176,三洋貿易,2536,2547
3177,ありがとうサービス,2844,2850
3178,チムニー,2904,2904
3179,シュッピン,2689,2689
3180,ビューティガレージ,1716,1750
3181,買取王国,690,693
3182,オイシックスドット大地,2124,2133
3183,ウイン・パートナーズ,1470,1473
3184,ICDAホールディングス,1500,1500
3185,夢展望,1448,1459
3186,ネクステージ,2011,2080
3187,サンワカンパニー,413,416
3189,ANAP,691,693
3190,ホットマン,596,600
3191,ジョイフル本田,2868,2904
3192,白鳩,496,501
3193,鳥貴族,3235,3245
3194,キリン堂ホールディングス,1272,1275
3195,ジェネレーションパス,600,601
3196,ホットランド,1420,1439
3197,すかいらーく,1619,1621
3198,SFPホールディングス,1718,1719
3199,綿半ホールディングス,2437,2452
3201,日本毛織,975,975
3202,ダイトウボウ,82,83
3204,トーア紡コーポレーション,576,577
3205,ダイドーリミテッド,437,439
3209,カネヨウ,154,156
3221,ヨシックス,2394,2404
3222,ユナイテッド・スーパーマーケット・ホールディングス,1065,1071
3223,エスエルディー,1280,1280
3224,ゼネラル・オイスター,978,999
3228,三栄建築設計,1916,1919
3230,スター・マイカ,3060,3060
3231,野村不動産ホールディングス,2237,2239
3232,三重交通グループホールディングス,445,445
3236,プロパスト,193,195
3237,イントランス,206,208
3238,セントラル総合開発,261,261
3241,ウィル,359,360
3242,アーバネットコーポレーション,333,338
3244,サムティ,1660,1661
3245,ディア・ライフ,495,497
3246,コーセーアールイー,1352,1355
3248,アールエイジ,778,779
3250,エー・ディー・ワークス,42,42
3252,日本商業開発,1749,1755
3254,プレサンスコーポレーション,1542,1542
3258,ユニゾホールディングス,2541,2580
3260,エスポア,384,395
3261,グランディーズ,438,444
3264,アスコット,300,301
3266,ファンドクリエーショングループ,122,122
3267,フィル・カンパニー,1897,1899
3271,THEグローバル社,822,835
3275,ハウスコム,2453,2453
3276,日本管理センター,1458,1462
3277,サンセイランディック,913,919
3280,エストラスト,749,749
3284,フージャースホールディングス,1086,1090
3286,トラストホールディングス,395,396
3288,オープンハウス,3390,3390
3289,東急不動産ホールディングス,642,644
3291,飯田グループホールディングス,1922,1924
3293,アズマハウス,1667,1676
3294,イーグランド,842,850
3297,東武住販,1120,1120
3299,ムゲンエステート,1050,1053
3300,AMBITION,1165,1175
3302,帝国繊維,2276,2276
3306,日本製麻,440,440
3313,ブックオフコーポレーション,798,804
3315,日本コークス工業,112,112
3316,東京日産コンピュータシステム,2624,2629
3317,フライングガーデン,3020,3060
3318,メガネスーパー,69,69
3319,ゴルフダイジェスト・オンライン,837,853
3320,クロスプラス,1200,1210
3321,ミタチ産業,841,846
3322,アルファグループ,1630,1630
3323,レカム,103,105
3326,ランシステム,886,890
3328,BEENOS,1166,1171
3329,東和フードサービス,2870,2890
3333,あさひ,1258,1267
3341,日本調剤,3575,3590
3344,ワンダーコーポレーション,912,913
3346,21LADY,323,325
3347,トラスト,295,295
3349,コスモス薬品,26300,26780
3350,レッド・プラネット・ジャパン,27,27
3352,バッファロー,900,900
3353,メディカル一光,8050,8050
3355,クリヤマホールディングス,1719,1736
3356,テリロジー,337,344
3358,ワイエスフード,249,250
3359,タイセイ,1270,1317
3360,シップヘルスケアホールディングス,3490,3520
3361,トーエル,899,902
3366,一六堂,400,402
3370,フジタコーポレーション,818,818
3371,ソフトクリエイトホールディングス,1474,1484
3372,関門海,463,464
3374,内外テック,3615,3710
3375,ZOA,808,808
3376,オンリー,812,816
3377,バイク王＆カンパニー,217,219
3382,セブン＆アイ・ホールディングス,4310,4334
3384,アークコア,393,394
3385,薬王堂,2929,2939
3386,コスモ・バイオ,1263,1263
3387,クリエイト・レストランツ・ホールディングス,1172,1172
3388,明治電機工業,1692,1700
3390,INEST,160,166
3391,ツルハホールディングス,13560,13790
3392,デリカフーズ,1672,1684
3393,スターティア,614,622
3395,サンマルクホールディングス,3240,3275
3396,フェリシモ,1297,1307
3397,トリドールホールディングス,3485,3490
3399,丸千代山岡家,1198,1198
3401,帝人,2226,2234
3402,東レ,1069,1074
3405,クラレ,2135,2140
3407,旭化成,1375.5,1384.5
3408,サカイオーベックス,2335,2340
3409,北日本紡績,139,159
3415,TOKYO_BASE,5600,5600
3416,ピクスタ,1315,1339
3417,大木ヘルスケアホールディングス,648,648
3418,バルニバービ,2690,2690
3419,アートグリーン,1880,1880
3420,ケー・エフ・シー,2182,2218
3421,稲葉製作所,1399,1407
3422,丸順,809,822
3423,エスイー,513,517
3424,ミヤコ,899,899
3426,アトムリビンテック,1051,1069
3431,宮地エンジニアリンググループ,324,327
3433,トーカロ,4385,4385
3434,アルファ,2201,2211
3435,サンコーテクノ,1043,1043
3436,SUMCO,1664,1670
3437,特殊電極,3750,3825
3439,三ツ知,1695,1695
3440,日創プロニティ,741,741
3441,山王,1354,1357
3442,MIEコーポレーション,84,84
3443,川田テクノロジーズ,5840,5860
3444,菊池製作所,885,886
3445,RSTechnologies,3995,4060
3452,ビーロット,2820,2830
3454,ファーストブラザーズ,878,880
3457,ハウスドゥ,1547,1561
3458,シーアールイー,1395,1395
3461,パルマ,1716,1730
3464,プロパティエージェント,1586,1593
3465,ケイアイスター不動産,1962,1979
3467,アグレ都市デザイン,1386,1388
3469,デュアルタップ,1672,1690
3474,G-FACTORY,954,955
3475,グッドコムアセット,1672,1686
3477,フォーライフ,2983,2983
3479,ティーケーピー,2400,2419
3480,ジェイ・エス・ビー,4175,4250
3501,住江織物,338,341
3504,丸八ホールディングス,860,861
3512,日本フエルト,501,503
3513,イチカワ,348,349
3515,フジコー,631,631
3521,エコナックホールディングス,77,78
3524,日東製網,1829,1839
3526,芦森工業,308,309
3528,プロスペクト,53,53
3529,アツギ,126,127
3536,アクサスホールディングス,123,123
3537,昭栄薬品,2517,2517
3538,ウイルプラスホールディングス,2065,2071
3539,ジャパンミート,1763,1763
3541,農業総合研究所,2790,2792
3542,ベガコーポレーション,1643,1648
3543,コメダホールディングス,1888,1890
3544,サツドラホールディングス,2076,2080
3545,デファクトスタンダード,1425,1428
3546,ダイユー・リックホールディングス,856,863
3547,串カツ田中,5750,5770
3548,バロックジャパンリミテッド,1012,1028
3549,クスリのアオキホールディングス,6890,7000
3550,スタジオアタオ,1899,1900
3551,ダイニック,264,280
3553,共和レザー,929,932
3556,リネットジャパングループ,533,549
3557,ユナイテッド＆コレクティブ,4240,4240
3558,ロコンド,1897,1909
3559,ピーバンドットコム,1676,1695
3560,ほぼ日,5140,5160
3561,力の源ホールディングス,2109,2137
3562,No.1,2030,2039
3563,スシローグローバルホールディングス,3500,3540
3564,LIXILビバ,1956,1962
3565,アセンテック,4290,4290
3566,ユニフォームネクスト,5060,5200
3569,セーレン,1997,2013
3571,ソトー,1151,1159
3577,東海染工,139,139
3578,倉庫精練,157,157
3580,小松精練,877,877
3583,オーベクス,237,237
3591,ワコールホールディングス,1576,1577
3593,ホギメディカル,8060,8080
3597,自重堂,1536,1575
3598,山喜,284,285
3600,フジックス,380,380
3604,川本産業,320,320
3606,レナウン,202,205
3607,クラウディアホールディングス,624,636
3608,TSIホールディングス,815,820
3622,ネットイヤーグループ,623,625
3623,ビリングシステム,7550,7550
3624,アクセルマーク,1519,1520
3625,テックファームホールディングス,1382,1395
3626,TIS,3145,3150
3627,ネオス,459,459
3628,データホライゾン,1797,1799
3630,電算システム,1910,1929
3632,グリー,774,775
3633,GMOペパボ,3160,3225
3634,ソケッツ,1456,1459
3635,コーエーテクモホールディングス,2283,2292
3636,三菱総合研究所,3185,3200
3639,ボルテージ,1143,1148
3640,電算,2231,2243
3641,パピレス,2511,2523
3645,メディカルネット,628,628
3646,駅探,718,719
3647,ジー・スリーホールディングス,205,210
3648,AGS,1455,1473
3649,ファインデックス,830,833
3652,ディジタルメディアプロフェッショナル,2638,2666
3653,モルフォ,4565,4565
3654,ヒト・コミュニケーションズ,1820,1828
3655,ブレインパッド,1054,1054
3656,KLab,1665,1671
3657,ポールトゥウィン・ピットクルーホールディングス,1508,1511
3658,イーブックイニシアティブジャパン,1116,1119
3659,ネクソン,2918,2924
3660,アイスタイル,629,637
3661,エムアップ,1368,1368
3662,エイチーム,3025,3030
3663,アートスパークホールディングス,1206,1220
3664,モブキャスト,811,811
3665,エニグモ,1086,1158
3666,テクノスジャパン,1038,1044
3667,enish,2231,2235
3668,コロプラ,1240,1240
3669,モバイルクリエイト,395,396
3670,協立情報通信,1869,1875
3671,ソフトマックス,1588,1611
3672,オルトプラス,929,941
3673,ブロードリーフ,861,862
3674,オークファン,837,844
3675,クロス・マーケティンググループ,582,590
3676,ハーツユナイテッドグループ,1444,1454
3677,システム情報,804,804
3678,メディアドゥホールディングス,2507,2511
3679,じげん,1621,1642
3680,ホットリンク,566,566
3681,ブイキューブ,617,633
3682,エンカレッジ・テクノロジ,2079,2090
3683,サイバーリンクス,1444,1485
3685,みんなのウェディング,680,689
3686,ディー・エル・イー,451,462
3687,フィックスターズ,3810,3930
3688,VOYAGEグループ,1396,1401
3689,イグニス,3640,3640
3690,ロックオン,1634,1650
3691,リアルワールド,1504,1529
3692,FFRI,3965,4150
3694,オプティム,2535,2537
3695,GMOリサーチ,2323,2351
3696,セレス,1276,1281
3697,SHIFT,1397,1414
3698,CRI・ミドルウェア,1999,2021
3708,特種東海製紙,4610,4610
3710,ジョルダン,1030,1030
3711,創通,2360,2360
3712,情報企画,1786,1788
3719,ジェクシード,120,121
3723,日本ファルコム,1058,1058
3724,ベリサーブ,3370,3450
3726,フォーシーズホールディングス,510,519
3727,アプリックス,448,465
3733,ソフトウェア・サービス,4945,5030
3738,ティーガイア,2101,2124
3739,コムシード,471,515
3741,セック,2352,2365
3742,ITbook,493,498
3744,サイオステクノロジー,706,711
3747,インタートレード,264,267
3750,セブンシーズホールディングス,1590,1590
3751,日本アジアグループ,411,416
3753,フライトホールディングス,900,904
3754,エキサイト,806,813
3756,豆蔵ホールディングス,1093,1101
3758,アエリア,2163,2180
3760,ケイブ,1735,1735
3762,テクマトリックス,1511,1543
3763,プロシップ,2241,2254
3765,ガンホー・オンライン・エンターテイメント,299,303
3766,システムズ・デザイン,794,850
3768,リスクモンスター,1073,1079
3769,GMOペイメントゲートウェイ,7050,7130
3770,ザッパラス,421,425
3771,システムリサーチ,2148,2149
3772,ウェルス・マネジメント,2023,2065
3773,アドバンスト・メディア,832,835
3774,インターネットイニシアティブ,2093,2093
3775,ガイアックス,635,640
3776,ブロードバンドタワー,208,209
3777,ジオネクスト,50,50
3778,さくらインターネット,819,821
3779,ジェイ・エスコムホールディングス,124,125
3782,ディー・ディー・エス,635,635
3784,ヴィンクス,1192,1210
3787,テクノマセマティカル,1087,1100
3788,GMOクラウド,3100,3105
3791,IGポート,1883,1910
3793,ドリコム,1222,1236
3794,エヌ・デーソフトウェア,1378,1378
3796,いい生活,374,375
3798,ULSグループ,1530,1530
3799,キーウェアソリューションズ,525,526
3800,ユニリタ,1681,1684
3802,エコミック,835,835
3803,イメージ情報開発,803,803
3804,システムディ,1325,1325
3807,フィスコ,319,323
3808,オウケイウェイヴ,519,520
3810,サイバーステップ,2248,2248
3814,アルファクス・フード・システム,1200,1245
3815,メディア工房,569,572
3816,大和コンピューター,1142,1142
3817,SRAホールディングス,2886,2887
3822,Minoriソリューションズ,1312,1324
3823,アクロディア,367,380
3824,メディアファイブ,777,777
3825,リミックスポイント,980,980
3826,システムインテグレータ,797,802
3830,ギガプライズ,2132,2180
3834,朝日ネット,528,535
3835,eBASE,2425,2425
3836,アバント,1729,1999
3837,アドソル日進,1116,1119
3839,ODKソリューションズ,397,397
3840,パス,160,162
3841,ジーダット,1056,1060
3842,ネクストジェン,1940,1940
3843,フリービット,914,924
3844,コムチュア,5750,5820
3845,アイフリークモバイル,296,296
3847,パシフィックシステム,2722,2722
3848,データ・アプリケーション,1629,1638
3849,日本テクノ・ラボ,750,750
3850,エヌ・ティ・ティ・データ・イントラマート,1617,1627
3851,日本一ソフトウェア,1629,1629
3852,サイバーコム,1007,1013
3853,インフォテリア,1197,1219
3854,アイル,1321,1341
3856,Abalance,893,900
3857,ラック,1356,1366
3858,ユビキタス,844,851
3861,王子ホールディングス,593,594
3863,日本製紙,2068,2078
3864,三菱製紙,733,735
3865,北越紀州製紙,677,683
3877,中越パルプ工業,226,226
3878,巴川製紙所,331,337
3880,大王製紙,1343,1367
3891,ニッポン高度紙工業,2696,2718
3892,岡山製紙,555,555
3895,ハビックス,1094,1103
3896,阿波製紙,828,900
3900,クラウドワークス,879,885
3901,マークラインズ,908,910
3902,メディカル・データ・ビジョン,2282,2284
3903,gumi,1085,1088
3904,カヤック,1405,1406
3905,データセクション,642,642
3906,ALBERT,1247,1250
3907,シリコンスタジオ,4750,4750
3908,コラボス,2615,2654
3909,ショーケース・ティービー,1069,1077
3910,エムケイシステム,1994,2028
3911,Aiming,663,688
3912,モバイルファクトリー,1392,1418
3913,sMedio,2134,2180
3914,JIG-SAW,5930,5940
3915,テラスカイ,6980,6980
3916,デジタル・インフォメーション・テクノロジー,2047,2048
3917,アイリッジ,2064,2068
3918,PCIホールディングス,2647,2663
3919,パイプドHD,1177,1179
3920,アイビーシー,916,925
3921,ネオジャパン,1420,1420
3922,PR_TIMES,3005,3030
3923,ラクス,1952,1970
3924,ランドコンピュータ,1431,1435
3925,ダブルスタンダード,5770,5820
3926,オープンドア,4055,4065
3927,アークン,538,541
3928,マイネット,1570,1600
3929,ソーシャルワイヤー,2798,2835
3930,はてな,2175,2234
3931,バリューゴルフ,1992,2010
3932,アカツキ,9170,9180
3933,チエル,1542,1555
3934,ベネフィットジャパン,1025,1050
3935,エディア,1425,1446
3936,グローバルウェイ,3595,3605
3937,Ubicomホールディングス,3005,3060
3938,LINE,3910,3930
3939,カナミックネットワーク,1839,1845
3940,ノムラシステムコーポレーション,1400,1428
3941,レンゴー,632,635
3943,大石産業,980,980
3944,古林紙工,244,245
3945,スーパーバッグ,253,253
3946,トーモク,384,393
3947,ダイナパック,1651,1660
3948,光ビジネスフォーム,497,499
3950,ザ・パック,4020,4040
3951,朝日印刷,2650,2651
3952,中央紙器工業,1400,1400
3953,大村紙業,630,630
3954,昭和パックス,1581,1602
3955,イムラ封筒,529,530
3956,国際チャート,244,244
3960,バリューデザイン,2233,2264
3961,シルバーエッグ・テクノロジー,2166,2167
3962,チェンジ,8460,8560
3963,シンクロ・フード,1720,1744
3964,オークネット,1431,1450
3965,キャピタル・アセット・プランニング,2292,2292
3966,ユーザベース,3055,3055
3967,エルテス,2300,2388
3968,セグエグループ,4410,4495
3969,エイトレッド,2997,2997
3970,イノベーション,1823,1829
3974,ティビィシィ・スキヤツト,1405,1405
3975,AOI_TYOホールディングス,1189,1193
3976,シャノン,2226,2265
3977,フュージョン,1495,1495
3978,マクロミル,2622,2670
3979,うるる,3630,3660
3981,ビーグリー,1747,1761
3983,オロ,1501,1510
3984,ユーザーローカル,6970,7200
3985,テモナ,6270,6270
3986,ビーブレイクシステムズ,4265,4300
3987,エコモット,3535,3535
3988,SYSホールディングス,3375,3530
3989,シェアリングテクノロジー,2180,2180
3990,UUUM,4615,4650
3991,ウォンテッドリー,4610,5300
4004,昭和電工,3280,3315
4005,住友化学,690,695
4008,住友精化,5250,5250
4021,日産化学工業,4035,4065
4022,ラサ工業,211,215
4023,クレハ,5670,5740
4025,多木化学,4635,4635
4026,神島化学工業,1691,1697
4027,テイカ,1025,1036
4028,石原産業,1483,1493
4031,片倉コープアグリ,270,270
4033,日東エフシー,866,870
4041,日本曹達,659,660
4042,東ソー,1288,1295
4043,トクヤマ,517,517
4044,セントラル硝子,493,496
4045,東亞合成,1426,1434
4046,大阪ソーダ,580,580
4047,関東電化工業,1118,1125
4061,デンカ,711,717
4062,イビデン,1785,1798
4063,信越化学工業,9982,10025
4064,日本カーバイド工業,240,244
4078,堺化学工業,544,544
4080,田中化学研究所,2347,2443
4082,第一稀元素化学工業,1403,1410
4088,エア・ウォーター,2029,2042
4091,大陽日酸,1270,1276
4092,日本化学工業,256,258
4093,東邦アセチレン,1650,1656
4094,日本化学産業,2388,2423
4095,日本パーカライジング,1715,1715
4097,高圧ガス工業,839,842
4098,チタン工業,375,391
4099,四国化成工業,1629,1630
4100,戸田工業,516,521
4102,丸尾カルシウム,1500,1500
4107,伊勢化学工業,602,606
4109,ステラケミファ,5120,5120
4112,保土谷化学工業,8600,8690
4113,田岡化学工業,530,532
4114,日本触媒,8070,8110
4115,本州化学工業,1321,1325
4116,大日精化工業,1080,1080
4117,川崎化成工業,206,206
4118,カネカ,861,873
4119,日本ピグメント,438,443
4120,スガイ化学工業,163,171
4151,協和発酵キリン,1838,1860
4182,三菱瓦斯化学,2779,2795
4183,三井化学,684,687
4185,JSR,2123,2138
4186,東京応化工業,4085,4110
4187,大阪有機化学工業,1384,1387
4188,三菱ケミカルホールディングス,1063,1072
4189,KHネオケム,2732,2735
4202,ダイセル,1369,1369
4203,住友ベークライト,827,827
4204,積水化学工業,2177,2177
4205,日本ゼオン,1420,1427
4206,アイカ工業,3655,3655
4208,宇部興産,326,331
4212,積水樹脂,2100,2108
4215,タキロンシーアイ,673,673
4216,旭有機材,290,290
4217,日立化成,3245,3260
4218,ニチバン,1139,1153
4220,リケンテクノス,641,641
4221,大倉工業,786,787
4222,児玉化学工業,92,93
4224,ロンシール工業,2533,2535
4228,積水化成品工業,1272,1272
4229,群栄化学工業,3815,3815
4231,タイガースポリマー,781,784
4234,サンエー化研,1023,1023
4235,第一化成,2735,2790
4237,フジプレアム,304,311
4238,ミライアル,1414,1437
4239,ポラテクノ,910,923
4240,クラスターテクノロジー,660,660
4241,アテクト,1776,1788
4242,タカギセイコー,842,852
4243,ニックス,1128,1140
4245,ダイキアクシス,1295,1317
4246,ダイキョーニシカワ,1713,1714
4247,ポバール興業,1200,1200
4248,竹本容器,1769,1775
4272,日本化薬,1765,1775
4274,細谷火工,1752,2019
4275,カーリットホールディングス,719,720
4282,EPSホールディングス,2111,2111
4284,ソルクシーズ,793,812
4286,レッグス,799,799
4287,ジャストプランニング,808,869
4288,アズジェント,3300,3350
4290,プレステージ・インターナショナル,1133,1151
4291,JIEC,1549,1550
4293,セプテーニ・ホールディングス,306,308
4295,フェイス,1190,1204
4298,プロトコーポレーション,1998,2000
4299,ハイマックス,1594,1595
4301,アミューズ,2747,2780
4304,Eストアー,784,784
4307,野村総合研究所,4235,4255
4308,Jストリーム,553,559
4310,ドリームインキュベータ,2115,2115
4312,サイバネットシステム,742,742
4316,ビーマップ,1570,1581
4317,レイ,305,307
4318,クイック,1760,1779
4319,TAC,250,252
4320,CEホールディングス,1270,1275
4321,ケネディクス,563,565
4323,日本システム技術,1299,1310
4324,電通,4705,4735
4326,インテージホールディングス,2679,2750
4327,日本エス・エイチ・エル,5010,5180
4331,テイクアンドギヴ・ニーズ,779,816
4333,東邦システムサイエンス,798,798
4334,ユークス,636,644
4335,アイ・ピー・エス,698,713
4336,クリエアナブキ,911,934
4337,ぴあ,5330,5460
4341,西菱電機,967,967
4342,セコム上信越,3400,3400
4343,イオンファンタジー,3790,3800
4344,ソースネクスト,493,495
4345,シーティーエス,755,763
4346,ネクシィーズグループ,1885,1890
4347,ブロードメディア,111,112
4348,インフォコム,2484,2538
4349,テスク,241,241
4350,メディカルシステムネットワーク,500,503
4351,山田債権回収管理総合事務所,500,500
4355,ロングライフホールディング,544,544
4356,応用技術,657,657
4361,川口化学工業,218,219
4362,日本精化,940,954
4364,マナック,490,491
4365,松本油脂製薬,11970,11970
4366,ダイトーケミックス,755,757
4367,広栄化学工業,729,740
4368,扶桑化学工業,3580,3590
4369,トリケミカル研究所,3520,3525
4401,ADEKA,1918,1925
4403,日油,1593,1603
4404,ミヨシ油脂,1414,1425
4406,新日本理化,276,280
4409,東邦化学工業,398,398
4410,ハリマ化成グループ,919,920
4452,花王,6697,6784
4461,第一工業製薬,682,689
4462,石原ケミカル,1771,1777
4463,日華化学,1041,1061
4464,ソフト99コーポレーション,970,972
4465,ニイタカ,1906,1923
4471,三洋化成工業,6160,6160
4502,武田薬品工業,6115,6164
4503,アステラス製薬,1442.5,1443
4506,大日本住友製薬,1470,1480
4507,塩野義製薬,5963,5984
4508,田辺三菱製薬,2704,2733
4512,わかもと製薬,283,283
4514,あすか製薬,1699,1701
4516,日本新薬,7920,7940
4517,ビオフェルミン製薬,2825,2847
4519,中外製薬,4600,4615
4521,科研製薬,5800,5850
4523,エーザイ,5801,5845
4524,森下仁丹,594,598
4526,理研ビタミン,4355,4360
4527,ロート製薬,2621,2653
4528,小野薬品工業,2400.5,2414.5
4530,久光製薬,5280,5310
4531,有機合成薬品工業,290,290
4534,持田製薬,8200,8250
4536,参天製薬,1817,1823
4538,扶桑薬品工業,2738,2774
4539,日本ケミファ,5120,5120
4540,ツムラ,3980,4015
4541,日医工,1660,1660
4543,テルモ,4455,4475
4544,みらかホールディングス,5060,5130
4547,キッセイ薬品工業,2870,2885
4548,生化学工業,1927,1928
4549,栄研化学,4015,4035
4550,日水製薬,1407,1421
4551,鳥居薬品,2940,2956
4552,JCRファーマ,3040,3045
4553,東和薬品,5250,5250
4554,富士製薬工業,3680,3680
4555,沢井製薬,6140,6190
4556,カイノス,688,688
4557,医学生物学研究所,494,500
4558,中京医薬品,288,289
4559,ゼリア新薬工業,2021,2028
4563,アンジェス,622,625
4564,オンコセラピー・サイエンス,247,247
4565,そーせいグループ,8850,8860
4568,第一三共,2586,2596.5
4569,キョーリン製薬ホールディングス,2228,2228
4570,免疫生物研究所,806,807
4571,ナノキャリア,657,667
4572,カルナバイオサイエンス,1210,1218
4574,大幸薬品,2261,2282
4575,キャンバス,629,633
4576,デ・ウエスタン・セラピテクス研究所,468,471
4577,ダイト,2787,2798
4578,大塚ホールディングス,4353,4377
4579,ラクオリア創薬,1086,1093
4581,大正製薬ホールディングス,8630,8710
4582,シンバイオ製薬,234,234
4583,カイオム・バイオサイエンス,366,369
4584,ジーンテクノサイエンス,1116,1130
4585,UMNファーマ,288,293
4586,メドレックス,697,697
4587,ペプチドリーム,3525,3575
4588,オンコリスバイオファーマ,641,650
4591,リボミック,557,563
4592,サンバイオ,1416,1422
4593,ヘリオス,1368,1378
4594,ブライトパス・バイオ,438,438
4595,ミズホメディー,2686,2733
4596,窪田製薬ホールディングス,646,649
4597,ソレイジア・ファーマ,339,343
4611,大日本塗料,346,346
4612,日本ペイントホールディングス,3775,3780
4613,関西ペイント,2802,2812
4615,神東塗料,217,219
4616,川上塗料,1589,1591
4617,中国塗料,906,907
4619,日本特殊塗料,1928,1942
4620,藤倉化成,659,663
4621,ロックペイント,800,814
4623,アサヒペン,181,181
4624,イサム塗料,630,630
4625,アトミクス,1009,1009
4626,太陽ホールディングス,5290,5330
4627,ナトコ,1374,1386
4628,エスケー化研,9200,9250
4629,大伸化学,1616,1616
4631,DIC,3935,3950
4633,サカタインクス,2055,2059
4634,東洋インキSCホールディングス,622,623
4635,東京インキ,384,387
4636,T＆K　TOKA,1263,1266
4640,アンドール,405,406
4641,アルプス技研,3615,3620
4642,オリジナル設計,492,492
4644,イマジニア,927,931
4645,市進ホールディングス,421,421
4649,大成,836,836
4650,SDエンターテイメント,1120,1129
4651,サニックス,300,304
4653,ダイオーズ,1336,1340
4656,サン・ライフ,963,963
4657,環境管理センター,479,483
4658,日本空調サービス,712,715
4659,エイジス,2379,2382
4661,オリエンタルランド,8412,8530
4662,フォーカスシステムズ,933,939
4664,アール・エス・シー,547,547
4665,ダスキン,3065,3080
4666,パーク24,2666,2688
4667,アイサンテクノロジー,3295,3310
4668,明光ネットワークジャパン,1481,1486
4669,ニッパンレンタル,1808,1808
4671,ファルコホールディングス,1630,1633
4673,川崎地質,484,491
4674,クレスコ,3935,3940
4676,フジ・メディア・ホールディングス,1556,1579
4678,秀英予備校,481,482
4679,田谷,675,677
4680,ラウンドワン,1315,1319
4681,リゾートトラスト,1970,1988
4684,オービック,6860,6960
4685,菱友システムズ,1064,1064
4686,ジャストシステム,2475,2475
4687,TDCソフトウェアエンジニアリング,1125,1133
4689,ヤフー,505,506
4690,日本パレットプール,225,225
4694,ビー・エム・エル,2370,2380
4695,マイスターエンジニアリング,679,681
4696,ワタベウェディング,705,710
4699,ウチダエスコ,1203,1217
4704,トレンドマイクロ,5540,5540
4705,クリップコーポレーション,900,906
4707,キタック,319,319
4708,りらいあコミュニケーションズ,1280,1280
4709,インフォメーション・ディベロプメント,1285,1287
4712,アドアーズ,121,122
4714,リソー教育,837,849
4716,日本オラクル,8310,8360
4718,早稲田アカデミー,1543,1575
4719,アルファシステムズ,2300,2300
4720,城南進学研究社,530,530
4722,フューチャー,918,924
4725,CACホールディングス,1034,1040
4726,ソフトバンク・テクノロジー,1785,1799
4728,トーセ,2444,2498
4732,ユー・エス・エス,2180,2191
4733,オービックビジネスコンサルタント,5600,5610
4734,ビーイング,420,423
4735,京進,708,709
4736,日本ラッド,900,918
4739,伊藤忠テクノソリューションズ,4080,4125
4743,アイティフォー,605,607
4745,東京個別指導学院,1065,1081
4746,東計電算,2908,2915
4748,構造計画研究所,2159,2159
4750,ダイサン,843,848
4751,サイバーエージェント,3370,3430
4752,昭和システムエンジニアリング,668,670
4754,トスネット,1065,1078
4755,楽天,1234.5,1242
4760,アルファ,209,209
4761,さくらケーシーエス,657,660
4762,エックスネット,902,904
4763,クリーク・アンド・リバー社,1201,1229
4764,SAMURAI＆J_PARTNERS,1180,1197
4765,モーニングスター,333,335
4766,ピーエイ,181,181
4767,テー・オー・ダブリュー,825,828
4768,大塚商会,7100,7130
4769,インフォメーションクリエーティブ,1057,1063
4770,図研エルミック,545,548
4771,エフアンドエム,1031,1034
4772,デジタルアドベンチャー,638,656
4775,総合メディカル,5170,5170
4776,サイボウズ,503,505
4777,ガーラ,411,414
4779,ソフトブレーン,407,407
4781,日本ハウズイング,3080,3080
4783,日本コンピュータ・ダイナミクス,778,804
4784,GMOアドパートナーズ,452,453
4792,山田コンサルティンググループ,7560,7630
4793,富士通ビー・エス・シー,1099,1103
4800,オリコン,364,366
4801,セントラルスポーツ,4115,4150
4809,パラカ,2418,2438
4812,電通国際情報サービス,2514,2515
4813,ACCESS,880,880
4814,ネクストウェア,326,350
4816,東映アニメーション,11200,11220
4819,デジタルガレージ,2133,2144
4820,イーエムシステムズ,2162,2210
4824,メディアシーク,461,550
4825,ウェザーニューズ,3495,3510
4826,CIJ,640,644
4827,ビジネス・ワンホールディングス,494,494
4828,東洋ビジネスエンジニアリング,1748,1749
4829,日本エンタープライズ,251,253
4832,JFEシステムズ,2488,2490
4833,ぱど,545,557
4834,キャリアバンク,979,979
4837,シダックス,438,439
4838,スペースシャワーネットワーク,616,623
4839,WOWOW,3730,3730
4840,トライアイズ,354,360
4845,スカラ,794,802
4847,インテリジェントウェイブ,747,756
4848,フルキャストホールディングス,1935,1959
4849,エン・ジャパン,3850,3885
4875,メディシノバ・インク,608,625
4901,富士フイルムホールディングス,4327,4339
4902,コニカミノルタ,910,910
4911,資生堂,4573,4660
4912,ライオン,2128,2151
4914,高砂香料工業,3845,3875
4917,マンダム,6230,6260
4918,アイビー化粧品,8270,8270
4919,ミルボン,6500,6510
4920,日本色材工業研究所,5300,5530
4921,ファンケル,2431,2471
4922,コーセー,13570,14090
4923,コタ,1277,1278
4924,シーズ・ホールディングス,3830,3885
4925,ハーバー研究所,4195,4285
4926,シーボン,2549,2560
4927,ポーラ・オルビスホールディングス,3505,3590
4928,ノエビアホールディングス,6370,6430
4929,アジュバンコスメジャパン,960,965
4951,エステー,2498,2524
4952,エス・ディー・エスバイオテック,857,864
4955,アグロカネショウ,1748,1784
4956,コニシ,1975,1980
4957,ヤスハラケミカル,760,760
4958,長谷川香料,2139,2141
4960,ケミプロ化成,442,442
4962,互応化学工業,1390,1390
4963,星光PMC,1201,1206
4965,曽田香料,1137,1138
4966,上村工業,6820,6850
4967,小林製薬,6620,6740
4968,荒川化学工業,2729,2741
4970,東洋合成工業,1415,1430
4971,メック,1802,1825
4972,綜研化学,2020,2020
4973,日本高純度化学,2702,2718
4974,タカラバイオ,1512,1512
4975,JCU,4895,4995
4976,東洋ドライルーブ,3725,3770
4977,新田ゼラチン,755,757
4978,リプロセル,354,354
4979,OATアグリオ,2095,2140
4980,デクセリアルズ,1488,1511
4985,アース製薬,5030,5070
4987,寺岡製作所,528,544
4990,昭和化学工業,425,425
4992,北興化学工業,678,683
4994,大成ラミック,2951,2977
4995,サンケイ化学,925,925
4996,クミアイ化学工業,732,747
4997,日本農薬,639,640
4998,フマキラー,995,995
4999,セメダイン,714,720
5002,昭和シェル石油,1199,1225
5008,東亜石油,146,148
5009,富士興産,579,582
5010,日本精蝋,325,325
5011,ニチレキ,1349,1349
5013,ユシロ化学工業,1627,1634
5015,ビーピー・カストロール,1856,1858
5017,富士石油,407,411
5018,MORESCO,2134,2135
5019,出光興産,2848,2888
5020,JXTGホールディングス,548.5,559.9
5021,コスモエネルギーホールディングス,2327,2330
5101,横浜ゴム,2213,2224
5103,昭和ホールディングス,121,123
5104,日東化工,88,89
5105,東洋ゴム工業,2384,2412
5108,ブリヂストン,4893,4910
5110,住友ゴム工業,1956,1970
5121,藤倉ゴム工業,936,942
5122,オカモト,1164,1169
5142,アキレス,2239,2239
5161,西川ゴム工業,2258,2265
5162,朝日ラバー,1198,1198
5184,ニチリン,3630,3700
5185,フコク,1128,1132
5186,ニッタ,3930,3945
5187,クリエートメディック,1027,1031
5189,櫻護謨,585,585
5191,住友理工,1062,1066
5192,三ツ星ベルト,1352,1352
5194,相模ゴム工業,1605,1617
5195,バンドー化学,1187,1187
5199,不二ラテックス,320,320
5201,旭硝子,4230,4255
5202,日本板硝子,835,836
5204,石塚硝子,2389,2399
5208,有沢製作所,1031,1038
5210,日本山村硝子,196,197
5212,不二硝子,489,489
5214,日本電気硝子,4235,4255
5216,倉元製作所,231,233
5217,テクノクオーツ,774,774
5218,オハラ,2056,2056
5232,住友大阪セメント,493,498
5233,太平洋セメント,434,437
5237,ノザワ,1401,1414
5261,リソルホールディングス,381,381
5262,日本ヒューム,671,674
5268,旭コンクリート工業,699,699
5269,日本コンクリート工業,434,438
5271,トーヨーアサノ,2041,2049
5273,三谷セキサン,2490,2515
5277,スパンクリートコーポレーション,537,537
5279,日本興業,182,182
5280,ヨシコン,1387,1390
5282,ジオスター,908,921
5283,高見澤,494,495
5284,ヤマウ,393,397
5285,ヤマックス,363,363
5287,イトーヨーギョー,999,1009
5288,アジアパイルホールディングス,574,582
5289,ゼニス羽田ホールディングス,393,398
5301,東海カーボン,878,879
5302,日本カーボン,4160,4210
5304,SECカーボン,449,454
5310,東洋炭素,2720,2723
5331,ノリタケカンパニーリミテド,5530,5540
5332,TOTO,4300,4300
5333,日本碍子,2083,2087
5334,日本特殊陶業,2164,2169
5337,ダントーホールディングス,148,148
5341,アサヒ衛陶,122,123
5342,ジャニス工業,167,170
5343,ニッコー,142,142
5344,MARUWA,6280,6340
5351,品川リフラクトリーズ,370,382
5352,黒崎播磨,529,533
5355,日本坩堝,219,222
5356,美濃窯業,340,340
5357,ヨータイ,413,415
5358,イソライト工業,757,763
5363,東京窯業,351,352
5367,ニッカトー,614,619
5380,新東,268,268
5381,Mipox,808,808
5384,フジミインコーポレーテッド,2690,2732
5386,鶴弥,484,489
5387,チヨダウーテ,496,501
5388,クニミネ工業,826,832
5391,エーアンドエーマテリアル,127,127
5393,ニチアス,1343,1343
5395,理研コランダム,253,256
5401,新日鐵住金,2639.5,2678.5
5406,神戸製鋼所,1320,1337
5408,中山製鋼所,732,732
5410,合同製鐵,2066,2078
5411,ジェイエフイーホールディングス,2234,2255
5413,日新製鋼,1396,1412
5423,東京製鐵,971,980
5440,共英製鋼,1637,1648
5444,大和工業,3125,3135
5445,東京鐵鋼,432,437
5446,北越メタル,1386,1392
5449,大阪製鐵,2426,2436
5451,淀川製鋼所,3040,3065
5453,東洋鋼鈑,545,552
5456,朝日工業,1424,1424
5458,高砂鐵工,102,103
5461,中部鋼鈑,756,759
5463,丸一鋼管,3255,3280
5464,モリ工業,2549,2560
5471,大同特殊鋼,630,636
5476,日本高周波鋼業,113,114
5480,日本冶金工業,222,223
5481,山陽特殊製鋼,563,568
5482,愛知製鋼,4320,4335
5484,東北特殊鋼,1910,1985
5486,日立金属,1515,1529
5491,日本金属,3060,3100
5541,大平洋金属,302,307
5542,新報国製鉄,1381,1415
5563,新日本電工,465,469
5602,栗本鐵工所,2283,2301
5603,虹技,225,225
5607,中央可鍛工業,539,539
5609,日本鋳造,134,136
5610,大和重工,141,143
5612,日本鋳鉄管,180,180
5614,川金ホールディングス,357,357
5631,日本製鋼所,2628,2652
5632,三菱製鋼,284,286
5644,メタルアート,330,330
5658,日亜鋼業,305,307
5659,日本精線,941,942
5660,神鋼鋼線工業,185,187
5695,パウダーテック,850,855
5697,サンユウ,432,434
5698,エンビプロ・ホールディングス,1105,1144
5702,大紀アルミニウム工業所,812,814
5703,日本軽金属ホールディングス,324,325
5704,JMC,1127,1148
5706,三井金属鉱業,573,574
5707,東邦亜鉛,483,491
5711,三菱マテリアル,3835,3925
5713,住友金属鉱山,1897.5,1907.5
5714,DOWAホールディングス,814,819
5715,古河機械金属,193,194
5721,エス・サイエンス,82,84
5724,アサカ理研,1700,1713
5726,大阪チタニウムテクノロジーズ,1582,1582
5727,東邦チタニウム,803,807
5729,日本精鉱,641,649
5741,UACJ,304,306
5742,エヌアイシ・オートテック,2187,2197
5753,日本伸銅,1488,1505
5757,CKサンエツ,2778,2865
5758,FCM,2915,2930
5781,東邦金属,182,187
5801,古河電気工業,6280,6290
5802,住友電気工業,1732,1738
5803,フジクラ,895,905
5805,昭和電線ホールディングス,104,104
5807,東京特殊電線,2257,2268
5809,タツタ電線,877,898
5815,沖電線,328,331
5816,オーナンバ,453,476
5817,JMACS,849,849
5819,カナレ電気,2495,2511
5820,三ッ星,386,386
5821,平河ヒューテック,1522,1536
5851,リョービ,597,598
5852,アーレスティ,899,904
5856,東理ホールディングス,85,86
5857,アサヒホールディングス,2311,2333
5900,ダイケン,815,824
5901,東洋製罐グループホールディングス,1862,1874
5902,ホッカンホールディングス,418,418
5903,シンポ,801,805
5905,日本製罐,125,125
5906,エムケー精工,416,444
5907,JFEコンテイナー,404,408
5909,コロナ,1157,1160
5911,横河ブリッジホールディングス,1965,1974
5912,OSJBホールディングス,318,318
5915,駒井ハルテック,2305,2315
5918,瀧上工業,536,536
5921,川岸工業,1072,1074
5922,那須電機鉄工,413,413
5923,高田機工,319,319
5928,アルメタックス,394,398
5929,三和ホールディングス,1268,1274
5930,文化シヤッター,879,882
5932,三協立山,1545,1547
5933,アルインコ,1287,1298
5935,元旦ビューティ工業,424,424
5936,東洋シヤッター,650,656
5938,LIXILグループ,3035,3040
5939,大谷工業,371,371
5940,不二サッシ,106,107
5941,中西製作所,1292,1296
5942,日本フイルコン,638,638
5943,ノーリツ,1974,1974
5945,天龍製鋸,2403,2420
5946,長府製作所,2722,2724
5947,リンナイ,9630,9690
5949,ユニプレス,2909,2909
5950,日本パワーファスニング,187,190
5951,ダイニチ工業,781,786
5952,アマテイ,124,124
5953,昭和鉄工,222,222
5955,ヤマシナ,72,73
5956,トーソー,549,549
5957,日東精工,595,600
5958,三洋工業,219,220
5959,岡部,1006,1006
5962,浅香工業,192,196
5964,東洋刃物,948,953
5965,フジマック,1729,1755
5966,京都機械工具,406,406
5967,TONE,562,566
5969,ロブテックス,250,252
5970,ジーテクト,2194,2203
5971,共和工業所,1055,1055
5973,トーアミ,546,550
5974,中国工業,765,768
5975,東プレ,3245,3245
5976,高周波熱錬,1110,1111
5979,カネソウ,500,513
5981,東京製綱,1596,1602
5982,マルゼン,1925,1931
5983,イワブチ,5850,5850
5984,兼房,810,819
5985,サンコール,696,701
5986,モリテックスチール,468,493
5987,オーネックス,164,165
5988,パイオラックス,2861,2882
5989,エイチワン,1092,1097
5990,スーパーツール,440,440
5991,日本発條,1168,1171
5992,中央発條,353,355
5993,知多鋼業,800,809
5994,ファインシンター,2210,2240
5997,協立エアテック,679,679
5998,アドバネクス,2618,2624
5999,イハラサイエンス,1965,1978
6005,三浦工業,2614,2635
6013,タクマ,1359,1363
6016,ジャパンエンジンコーポレーション,151,153
6018,阪神内燃機工業,316,316
6022,赤阪鐵工所,190,194
6023,ダイハツディーゼル,714,720
6025,日本PCサービス,620,620
6026,GMOTECH,2352,2388
6027,弁護士ドットコム,1484,1515
6028,テクノプロ・ホールディングス,5270,5330
6029,アトラ,642,655
6030,アドベンチャー,10100,10170
6031,サイジニア,1945,1967
6032,インターワークス,1061,1067
6033,エクストリーム,1714,1723
6034,MRT,1605,1605
6035,アイ・アールジャパンホールディングス,1604,1604
6036,KeePer技研,1325,1329
6037,ファーストロジック,2594,2624
6038,イード,951,965
6039,日本動物高度医療センター,2108,2119
6040,日本スキー場開発,1499,1499
6042,ニッキ,452,452
6044,三機サービス,1262,1275
6045,レントラックス,910,913
6046,リンクバル,1918,1939
6047,Gunosy,3130,3145
6048,デザインワン・ジャパン,1349,1350
6049,イトクロ,4900,4900
6050,イー・ガーディアン,2171,2185
6054,リブセンス,574,577
6055,ジャパンマテリアル,2900,2900
6058,ベクトル,1492,1515
6059,ウチヤマホールディングス,463,469
6060,こころネット,1133,1136
6061,ユニバーサル園芸社,2016,2025
6062,チャーム・ケア・コーポレーション,2377,2387
6063,日本エマージェンシーアシスタンス,1099,1100
6064,アクトコール,1276,1280
6065,ライクキッズネクスト,2388,2422
6067,メディアフラッグ,578,579
6069,トレンダーズ,1347,1359
6070,キャリアリンク,557,560
6071,IBJ,772,777
6072,地盤ネットホールディングス,340,341
6073,アサンテ,1834,1837
6074,ジェイエスエス,990,990
6076,アメイズ,1270,1283
6077,N・フィールド,1693,1695
6078,バリューHR,3700,3700
6079,エナリス,523,524
6080,M＆Aキャピタルパートナーズ,5220,5270
6081,アライドアーキテクツ,918,918
6082,ライドオン・エクスプレス,931,941
6083,ERIホールディングス,877,882
6084,オウチーノ,2300,2352
6085,アーキテクツ・スタジオ・ジャパン,1401,1468
6086,シンメンテホールディングス,4755,4860
6087,アビスト,4855,4915
6088,シグマクシス,794,798
6089,ウィルグループ,1291,1316
6090,ヒューマン・メタボローム・テクノロジーズ,1696,1698
6091,ウエスコホールディングス,401,403
6092,エンバイオ・ホールディングス,1423,1477
6093,エスクロー・エージェント・ジャパン,3600,3655
6094,フリークアウト・ホールディングス,3890,3905
6095,メドピア,630,633
6096,レアジョブ,1510,1524
6097,日本ビューホテル,1367,1371
6098,リクルートホールディングス,2458,2470
6099,エラン,3315,3325
6101,ツガミ,987,993
6103,オークマ,1106,1106
6104,東芝機械,598,598
6111,旭精機工業,255,265
6112,小島鉄工所,120,120
6113,アマダホールディングス,1229,1229
6118,アイダエンジニアリング,1267,1276
6121,滝澤鉄工所,194,196
6125,岡本工作機械製作所,317,320
6131,浜井産業,90,90
6134,富士機械製造,2030,2031
6135,牧野フライス製作所,961,961
6136,オーエスジー,2441,2461
6137,小池酸素工業,294,294
6138,ダイジェット工業,190,194
6140,旭ダイヤモンド工業,999,1000
6141,DMG森精機,1896,1905
6142,富士精工,279,290
6143,ソディック,1371,1375
6144,西部電機,841,845
6145,日特エンジニアリング,4490,4490
6146,ディスコ,22170,22170
6147,ヤマザキ,408,411
6149,小田原エンジニアリング,4170,4450
6150,タケダ機械,299,303
6151,日東工器,2734,2763
6155,高松機械工業,1010,1012
6156,エーワン精密,2146,2160
6157,日進工具,2017,2024
6158,和井田製作所,580,583
6159,ミクロン精密,1286,1300
6161,エスティック,3000,3005
6164,太陽工機,2194,2194
6165,パンチ工業,1907,1908
6166,中村超硬,4565,4645
6167,冨士ダイス,756,759
6171,土木管理総合試験所,1795,1800
6172,メタップス,3165,3165
6173,アクアライン,2239,2265
6175,ネットマーケティング,1443,1443
6176,ブランジスタ,1419,1419
6177,AppBank,568,572
6178,日本郵政,1402,1402
6180,GMOメディア,2755,2770
6181,パートナーエージェント,386,389
6182,ロゼッタ,1474,1484
6183,ベルシステム24ホールディングス,1125,1131
6184,鎌倉新書,1536,1547
6185,ソネット・メディア・ネットワークス,2947,2947
6186,一蔵,1118,1123
6187,LITALICO,1561,1587
6188,富士ソフトサービスビューロ,1399,1399
6189,グローバルグループ,1743,1786
6190,フェニックスバイオ,1432,1450
6191,エボラブルアジア,2422,2454
6192,ハイアス・アンド・カンパニー,887,913
6193,バーチャレクス・コンサルティング,762,773
6194,アトラエ,7510,7530
6195,ホープ,1251,1261
6196,ストライク,4290,4330
6197,ソラスト,1990,1990
6198,キャリア,4000,4000
6199,セラク,767,772
6200,インソース,1794,1834
6201,豊田自動織機,6130,6190
6203,豊和工業,929,964
6205,OKK,131,133
6208,石川製作所,2270,2525
6210,東洋機械金属,854,860
6217,津田駒工業,199,199
6218,エンシュウ,138,138
6222,島精機製作所,5330,5400
6236,NCホールディングス,821,825
6237,イワキ,2868,2884
6238,フリュー,1088,1092
6239,ナガオカ,926,935
6240,ヤマシンフィルタ,4100,4240
6245,ヒラノテクシード,1987,2008
6246,テクノスマート,1885,1888
6247,日阪製作所,969,976
6248,横田製作所,1039,1039
6249,ゲームカード・ジョイコホールディングス,1322,1327
6250,やまびこ,1406,1413
6254,野村マイクロ・サイエンス,819,825
6255,エヌ・ピー・シー,223,224
6256,ニューフレアテクノロジー,6170,6230
6257,藤商事,1201,1205
6258,平田機工,10860,10950
6262,ペガサスミシン製造,759,762
6264,マルマエ,1147,1149
6265,妙徳,389,390
6266,タツモ,1888,1890
6267,ゼネラルパッカー,1948,1970
6268,ナブテスコ,4185,4220
6269,三井海洋開発,2568,2586
6271,ニッセイ,1088,1100
6272,レオン自動機,1383,1397
6273,SMC,39480,39670
6274,新川,754,761
6276,ナビタス,351,351
6277,ホソカワミクロン,5950,5950
6278,ユニオンツール,3550,3565
6279,瑞光,3740,3775
6281,前田製作所,435,435
6282,オイレス工業,2023,2030
6284,日精エー・エス・ビー機械,4710,4800
6286,靜甲,704,709
6287,サトーホールディングス,2543,2543
6289,技研製作所,3015,3015
6291,日本エアーテック,801,808
6292,カワタ,815,838
6293,日精樹脂工業,1420,1434
6294,オカダアイヨン,1736,1763
6295,富士変速機,300,300
6297,鉱研工業,684,685
6298,ワイエイシイホールディングス,1180,1203
6299,神鋼環境ソリューション,415,424
6300,アピックヤマダ,579,586
6301,小松製作所,3097,3106
6302,住友重機械工業,876,883
6303,ササクラ,471,471
6305,日立建機,3175,3180
6306,日工,2213,2224
6307,サンセイ,289,291
6309,巴工業,1902,1905
6310,井関農機,2395,2395
6312,フロイント産業,1543,1551
6314,石井工作研究所,412,419
6315,TOWA,1765,1765
6316,丸山製作所,1797,1812
6317,北川鉄工所,2618,2618
6319,シンニッタン,734,735
6322,タクミナ,1780,1882
6323,ローツェ,2390,2410
6324,ハーモニック・ドライブ・システムズ,5650,5700
6325,タカキタ,580,584
6326,クボタ,1982,1985.5
6327,北川精機,474,485
6328,荏原実業,1569,1575
6330,東洋エンジニアリング,288,288
6331,三菱化工機,260,262
6332,月島機械,1439,1439
6333,帝国電機製作所,1177,1180
6334,明治機械,503,506
6335,東京機械製作所,71,71
6336,石井表記,1280,1310
6337,テセック,1672,1817
6338,タカトリ,825,835
6339,新東工業,1224,1238
6340,澁谷工業,3630,3630
6342,太平製作所,238,240
6343,フリージア・マクロス,25,26
6345,アイチコーポレーション,743,745
6346,キクカワエンタープライズ,323,333
6347,プラコー,121,121
6349,小森コーポレーション,1391,1394
6351,鶴見製作所,2001,2053
6355,住友精密工業,347,351
6356,日本ギア工業,510,512
6357,三精テクノロジーズ,915,917
6358,酒井重工業,355,357
6360,東京自働機械製作所,162,162
6361,荏原製作所,3610,3615
6362,石井鐵工所,1668,1677
6363,酉島製作所,1172,1173
6364,北越工業,1036,1040
6365,電業社機械製作所,1914,1914
6366,千代田化工建設,601,607
6367,ダイキン工業,11150,11150
6368,オルガノ,592,596
6369,トーヨーカネツ,392,395
6370,栗田工業,3240,3255
6371,椿本チエイン,879,879
6373,大同工業,323,324
6376,日機装,1015,1015
6378,木村化工機,454,463
6379,新興プランテック,977,978
6380,オリエンタルチエン工業,120,120
6381,アネスト岩田,1041,1049
6382,トリニティ工業,937,940
6383,ダイフク,5630,5630
6384,昭和真空,1550,1550
6387,サムコ,945,958
6390,加藤製作所,3280,3285
6391,加地テック,308,312
6392,ヤマダコーポレーション,463,469
6393,油研工業,255,256
6395,タダノ,1311,1311
6396,宇野澤組鐵工所,256,256
6400,不二精機,216,224
6402,兼松エンジニアリング,1225,1235
6403,水道機工,354,354
6405,鈴茂器工,2586,2599
6406,フジテック,1591,1594
6407,CKD,2138,2138
6408,小倉クラッチ,392,395
6409,キトー,1283,1286
6411,中野冷機,3575,3575
6412,平和,2158,2170
6413,理想科学工業,2023,2055
6414,川重冷熱工業,842,842
6416,桂川電機,144,144
6417,SANKYO,3530,3550
6418,日本金銭機械,1150,1158
6419,マースエンジニアリング,2305,2329
6420,福島工業,4170,4190
6424,高見沢サイバネティックス,465,465
6425,ユニバーサルエンターテインメント,2941,3035
6428,オーイズミ,557,566
6430,ダイコク電機,1681,1691
6432,竹内製作所,2250,2250
6433,ヒーハイスト精工,540,569
6436,アマノ,2702,2717
6439,中日本鋳工,102,102
6440,JUKI,1536,1539
6444,サンデンホールディングス,413,415
6445,蛇の目ミシン工業,761,767
6448,ブラザー工業,2609,2624
6454,マックス,1531,1531
6455,モリタホールディングス,1734,1736
6457,グローリー,3940,3955
6458,新晃工業,1852,1874
6459,大和冷機工業,1229,1235
6460,セガサミーホールディングス,1501,1520
6461,日本ピストンリング,2326,2348
6462,リケン,5410,5410
6463,TPR,3525,3540
6464,ツバキ・ナカシマ,2450,2473
6465,ホシザキ,10140,10200
6466,東亜バルブエンジニアリング,1249,1251
6467,ニチダイ,551,555
6469,放電精密加工研究所,1067,1068
6470,大豊工業,1655,1657
6471,日本精工,1415,1422
6472,NTN,463,465
6473,ジェイテクト,1509,1510
6474,不二越,613,613
6478,ダイベア,404,404
6479,ミネベアミツミ,1858,1860
6480,日本トムソン,625,625
6481,THK,3825,3840
6482,ユーシン精機,3055,3160
6484,KVK,788,788
6485,前澤給装工業,1831,1832
6486,イーグル工業,1963,1967
6488,ヨシタケ,1020,1037
6489,前澤工業,437,437
6490,日本ピラー工業,1648,1662
6492,岡野バルブ製造,2900,2900
6493,日鍛バルブ,398,406
6494,NFKホールディングス,76,80
6495,宮入バルブ製作所,119,119
6496,中北製作所,640,645
6497,ハマイ,1081,1095
6498,キッツ,877,880
6501,日立製作所,782.6,785.3
6502,東芝,317,326
6503,三菱電機,1722.5,1725
6504,富士電機,619,624
6505,東洋電機製造,2350,2350
6506,安川電機,3500,3530
6507,シンフォニアテクノロジー,495,500
6508,明電舎,397,402
6513,オリジン電気,368,370
6516,山洋電気,1324,1324
6517,デンヨー,2010,2019
6518,三相電機,596,596
6531,リファインバース,2481,2499
6532,ベイカレント・コンサルティング,1966,2007
6533,Orchestraホールディングス,2572,2572
6534,D.A.コンソーシアムホールディングス,1875,1916
6535,アイモバイル,1046,1049
6537,WASHハウス,2490,2495
6538,キャリアインデックス,3120,3150
6539,MS-Japan,3565,3580
6540,船場,1234,1236
6541,グレイステクノロジー,4610,4650
6542,FCホールディングス,832,837
6543,日宣,2250,2265
6544,ジャパンエレベーターサービスホールディングス,2222,2270
6545,インターネットインフィニティー,8670,8720
6546,フルテック,1082,1082
6547,グリーンズ,1256,1284
6548,旅工房,2380,2383
6549,ディーエムソリューションズ,5490,5530
6550,Fringe81,4140,4200
6551,ツナグ・ソリューションズ,4715,4715
6552,GameWith,2889,2889
6553,ソウルドアウト,2330,2370
6554,エスユーエス,4110,4300
6584,三櫻工業,894,894
6586,マキタ,4545,4575
6588,東芝テック,622,625
6590,芝浦メカトロニクス,336,336
6591,西芝電機,181,184
6592,マブチモーター,5410,5440
6594,日本電産,13425,13515
6615,ユー・エム・シー・エレクトロニクス,2140,2143
6616,トレックス・セミコンダクター,1688,1702
6617,東光高岳,1975,1979
6618,大泉製作所,1300,1323
6619,ダブル・スコープ,2423,2444
6620,宮越ホールディングス,530,533
6622,ダイヘン,978,979
6623,愛知電機,3435,3475
6624,田淵電機,288,292
6625,JALCOホールディングス,108,109
6626,SEMITEC,5030,5200
6627,テラプローブ,1229,1246
6628,オンキヨー,212,214
6629,テクノホライゾン・ホールディングス,255,259
6630,ヤーマン,12940,14030
6632,JVCケンウッド,318,318
6633,C＆Gシステムズ,403,404
6634,ネクスグループ,408,413
6635,大日光・エンジニアリング,780,780
6636,ソルガム・ジャパン・ホールディングス,223,225
6637,寺崎電気産業,1502,1513
6638,ミマキエンジニアリング,829,832
6639,コンテック,1475,1475
6640,第一精工,2554,2560
6641,日新電機,1375,1380
6643,戸上電機製作所,461,461
6644,大崎電気工業,835,836
6645,オムロン,5850,5860
6647,森尾電機,260,270
6648,かわでん,2304,2304
6651,日東工業,2045,2046
6652,IDEC,2387,2394
6653,正興電機製作所,695,700
6654,不二電機工業,1350,1356
6655,東洋電機,995,995
6656,インスペック,1346,1390
6658,シライ電子工業,307,311
6659,メディアリンクス,505,510
6662,ユビテック,451,458
6663,太洋工業,621,630
6664,オプトエレクトロニクス,844,849
6666,リバーエレテック,490,496
6668,アドテックプラズマテクノロジー,1630,1642
6669,シーシーエス,2986,3075
6670,MCJ,1244,1247
6674,ジーエス・ユアサコーポレーション,574,577
6675,サクサホールディングス,208,209
6676,メルコホールディングス,3680,3685
6677,エスケーエレクトロニクス,1126,1135
6678,テクノメディカ,1940,1944
6694,ズーム,1731,1770
6696,トランザス,2580,2620
6701,日本電気,296,297
6702,富士通,819.3,821.4
6703,沖電気工業,1464,1473
6704,岩崎通信機,88,88
6706,電気興業,578,578
6707,サンケン電気,574,579
6709,明星電気,107,107
6715,ナカヨ,379,380
6716,テクニカル電子,229,229
6718,アイホン,1793,1797
6719,富士通コンポーネント,1060,1091
6721,ウインテスト,165,167
6722,エイアンドティー,902,910
6723,ルネサスエレクトロニクス,1229,1248
6724,セイコーエプソン,2804,2807
6727,ワコム,523,526
6728,アルバック,6350,6380
6730,アクセル,747,760
6731,ピクセラ,209,211
6734,ニューテック,848,852
6736,サン電子,722,731
6737,EIZO,4555,4595
6740,ジャパンディスプレイ,191,193
6741,日本信号,1213,1214
6742,京三製作所,554,556
6743,大同信号,525,525
6744,能美防災,1683,1687
6745,ホーチキ,2104,2186
6747,KIホールディングス,267,267
6748,星和電機,419,422
6750,エレコム,2225,2237
6751,日本無線,1690,1722
6752,パナソニック,1611.5,1620
6753,シャープ,341,343
6754,アンリツ,855,860
6755,富士通ゼネラル,2276,2289
6756,日立国際電気,2920,2937
6757,OSGコーポレーション,841,847
6758,ソニー,4241,4254
6762,TDK,7380,7410
6763,帝国通信工業,226,227
6768,タムラ製作所,630,633
6769,ザインエレクトロニクス,1176,1194
6770,アルプス電気,3000,3020
6771,池上通信機,156,157
6772,東京コスモス電機,281,283
6773,パイオニア,205,205
6775,TBグループ,59,59
6776,天昇電気工業,267,268
6777,santec,1386,1395
6778,アルチザネットワークス,850,863
6779,日本電波工業,845,845
6785,鈴木,995,1017
6786,RVH,579,580
6787,メイコー,2269,2288
6788,日本トリム,4640,4680
6789,ローランドディー.ジー.,2750,2751
6794,フォスター電機,2368,2374
6796,クラリオン,437,439
6797,名古屋電機工業,472,472
6798,SMK,479,481
6800,ヨコオ,1423,1438
6803,ティアック,45,45
6804,ホシデン,1719,1745
6806,ヒロセ電機,15810,15860
6807,日本航空電子工業,1789,1789
6809,TOA,1172,1172
6810,日立マクセル,2536,2544
6814,古野電気,694,694
6815,ユニデンホールディングス,279,280
6816,アルパイン,2067,2073
6817,スミダコーポレーション,2057,2083
6819,伊豆シャボテンリゾート,102,103
6820,アイコム,2684,2684
6822,大井電気,289,294
6823,リオン,2202,2220
6824,新コスモス電機,1465,1470
6826,本多通信工業,1815,1818
6832,アオイ電子,5030,5030
6834,精工技研,1935,1935
6835,アライドテレシスホールディングス,60,60
6836,ぷらっとホーム,2846,2852
6837,京写,501,502
6838,多摩川ホールディングス,112,114
6839,船井電機,859,859
6840,AKIBAホールディングス,329,330
6841,横河電機,1867,1869
6844,新電元工業,694,696
6845,アズビル,4875,4885
6846,中央製作所,1449,1449
6848,東亜ディーケーケー,684,691
6849,日本光電工業,2509,2534
6850,チノー,1292,1315
6852,テクノ・セブン,207,207
6853,共和電業,425,428
6855,日本電子材料,631,631
6856,堀場製作所,6250,6280
6857,アドバンテスト,2039,2051
6858,小野測器,734,740
6859,エスペック,2237,2237
6861,キーエンス,59530,59540
6862,ミナトホールディングス,107,107
6863,ニレコ,878,883
6864,エヌエフ回路設計ブロック,1477,1550
6866,日置電機,2288,2346
6867,リーダー電子,395,402
6869,シスメックス,6970,6990
6870,日本フェンオール,1562,1587
6871,日本マイクロニクス,1003,1003
6874,協立電機,2245,2245
6875,メガチップス,3745,3755
6877,OBARA　GROUP,5900,5950
6879,イマジカ・ロボットホールディングス,817,824
6881,キョウデン,505,506
6882,三社電機製作所,797,797
6888,アクモス,303,304
6889,オーデリック,5200,5220
6890,フェローテックホールディングス,1820,1827
6894,パルステック工業,201,203
6895,ダイヤモンド電機,633,648
6896,北川工業,1268,1268
6897,ツインバード工業,751,765
6898,トミタ電機,2177,2300
6899,ASTI,985,987
6901,澤藤電機,567,574
6902,デンソー,5372,5383
6904,原田工業,829,830
6905,コーセル,1484,1484
6907,ジオマテック,1017,1020
6908,イリソ電子工業,6170,6190
6911,新日本無線,830,838
6912,菊水電子工業,1210,1279
6914,オプテックスグループ,4280,4345
6915,千代田インテグレ,2468,2505
6916,アイ・オー・データ機器,1151,1164
6918,アバールデータ,1888,1919
6919,ケル,1196,1230
6920,レーザーテック,2299,2299
6923,スタンレー電気,3765,3785
6924,岩崎電気,197,199
6925,ウシオ電機,1487,1498
6926,岡谷電機産業,484,491
6927,ヘリオステクノホールディング,713,716
6928,エノモト,7650,7780
6929,日本セラミック,3020,3020
6930,日本アンテナ,621,625
6932,遠藤照明,1371,1372
6937,古河電池,1148,1148
6938,双信電機,379,384
6941,山一電機,1992,1995
6942,ソフィアホールディングス,204,204
6943,NKKスイッチズ,518,518
6944,アイレックス,250,253
6945,富士通フロンテック,2133,2151
6946,日本アビオニクス,294,307
6947,図研,1665,1670
6951,日本電子,532,532
6952,カシオ計算機,1562,1570
6954,ファナック,22080,22165
6955,FDK,241,243
6957,芝浦電子,4415,4445
6958,日本シイエムケイ,1087,1088
6960,フクダ電子,8200,8340
6961,エンプラス,4620,4665
6962,大真空,1861,1869
6963,ローム,9190,9200
6964,サンコー,460,465
6965,浜松ホトニクス,3520,3535
6966,三井ハイテック,2560,2562
6967,新光電気工業,757,757
6969,松尾電機,97,99
6971,京セラ,6880,6915
6972,エルナー,103,106
6973,協栄産業,258,264
6976,太陽誘電,1716,1716
6977,日本抵抗器製作所,1197,1197
6981,村田製作所,16750,16770
6982,リード,137,137
6985,ユーシン,811,812
6986,双葉電子工業,2131,2141
6988,日東電工,9398,9468
6989,北陸電気工業,156,157
6993,大黒屋ホールディングス,82,82
6994,指月電機製作所,844,844
6995,東海理化電機製作所,2115,2115
6996,ニチコン,1324,1325
6997,日本ケミコン,387,389
6998,日本タングステン,273,289
6999,KOA,2050,2051
7003,三井造船,138,140
7004,日立造船,569,572
7011,三菱重工業,431.9,433
7012,川崎重工業,357,360
7013,IHI,381,382
7014,名村造船所,633,637
7018,内海造船,194,198
7021,ニッチツ,216,216
7022,サノヤスホールディングス,287,288
7102,日本車輌製造,294,299
7105,ニチユ三菱フォークリフト,768,769
7122,近畿車輛,2548,2570
7148,FPG,1277,1283
7150,島根銀行,1311,1314
7157,ライフネット生命保険,369,369
7161,じもとホールディングス,200,200
7162,アストマックス,402,402
7164,全国保証,4415,4445
7167,めぶきフィナンシャルグループ,398,400
7169,ニュートン・フィナンシャル・コンサルティング,1997,1997
7172,ジャパンインベストメントアドバイザー,2797,2839
7173,東京TYフィナンシャルグループ,2575,2577
7175,今村証券,1161,1161
7177,GMOクリックホールディングス,699,703
7180,九州フィナンシャルグループ,641,643
7181,かんぽ生命保険,2315,2325
7182,ゆうちょ銀行,1370,1378
7183,あんしん保証,467,469
7184,富山第一銀行,510,510
7185,ヒロセ通商,2222,2223
7186,コンコルディア・フィナンシャルグループ,542.3,546.2
7187,ジェイリース,1641,1680
7189,西日本フィナンシャルホールディングス,1141,1144
7190,マーキュリアインベストメント,1452,1452
7191,イントラスト,1021,1028
7192,日本モーゲージサービス,1974,1974
7201,日産自動車,1129,1130.5
7202,いすゞ自動車,1469,1478.5
7203,トヨタ自動車,6480,6492
7205,日野自動車,1337,1342
7208,カネミツ,1330,1335
7211,三菱自動車工業,846,846
7212,エフテック,1789,1790
7213,レシップホールディングス,950,955
7214,GMB,1368,1380
7215,ファルテック,1366,1370
7217,テイン,517,527
7218,田中精密工業,790,791
7219,エッチ・ケー・エス,875,875
7220,武蔵精密工業,3240,3240
7222,日産車体,1235,1239
7224,新明和工業,1006,1008
7226,極東開発工業,1772,1779
7227,アスカ,925,925
7228,デイトナ,1010,1017
7229,ユタカ技研,2498,2498
7230,日信工業,1989,1989
7231,トピー工業,3665,3685
7235,東京ラヂエーター製造,1050,1056
7236,ティラド,453,453
7238,曙ブレーキ工業,350,353
7239,タチエス,1991,1992
7240,NOK,2536,2542
7241,フタバ産業,1259,1259
7242,KYB,629,632
7244,市光工業,713,731
7245,大同メタル工業,995,997
7246,プレス工業,605,606
7247,ミクニ,513,515
7249,尾張精機,307,311
7250,太平洋工業,1409,1415
7251,ケーヒン,1838,1849
7254,ユニバンス,315,317
7255,桜井製作所,587,587
7256,河西工業,1655,1655
7259,アイシン精機,5510,5530
7260,富士機工,737,737
7261,マツダ,1623.5,1624.5
7264,ムロコーポレーション,1686,1696
7265,エイケン工業,776,789
7266,今仙電機製作所,1263,1267
7267,本田技研工業,3245,3261
7268,タツミ,413,413
7269,スズキ,5936,5958
7270,SUBARU,3866,3875
7271,安永,3140,3170
7272,ヤマハ発動機,3225,3230
7273,イクヨ,159,161
7274,ショーワ,1294,1309
7276,小糸製作所,7150,7160
7277,TBK,495,500
7278,エクセディ,3255,3260
7279,ハイレックスコーポレーション,2771,2771
7280,ミツバ,1629,1636
7282,豊田合成,2618,2636
7283,愛三工業,1009,1010
7284,盟和産業,1274,1278
7287,日本精機,2364,2364
7291,日本プラスト,1228,1236
7292,村上開明堂,2772,2776
7294,ヨロズ,2294,2296
7296,エフ・シー・シー,2481,2486
7297,カーメイト,652,652
7298,八千代工業,1300,1300
7299,フジオーゼックス,501,501
7305,新家工業,212,213
7308,ツノダ,4250,4250
7309,シマノ,14630,14780
7313,テイ・エステック,3500,3525
7314,小田原機器,605,619
7315,IJTテクノロジーホールディングス,880,880
7399,ナンシン,608,615
7404,昭和飛行機工業,1242,1242
7408,ジャムコ,2524,2524
7412,アトム,855,857
7413,創健社,198,198
7414,小野建,1874,1889
7416,はるやまホールディングス,981,984
7417,南陽,1855,1855
7419,ノジマ,2073,2076
7420,佐鳥電機,960,973
7421,カッパ・クリエイト,1292,1309
7422,東邦レマック,488,488
7425,初穂商事,3700,3790
7426,山大,302,302
7427,エコートレーディング,675,677
7433,伯東,1642,1652
7434,オータケ,1672,1672
7435,ナ・デックス,982,996
7438,コンドーテック,1094,1098
7441,Misumi,1895,1900
7442,中山福,772,777
7443,横浜魚類,556,556
7444,ハリマ共和物産,1985,1985
7445,ライトオン,934,939
7446,東北化学薬品,650,650
7447,ナガイレーベン,2978,2985
7448,ジーンズメイト,659,679
7450,サンデー,1695,1709
7451,三菱食品,3165,3195
7453,良品計画,33400,33450
7455,三城ホールディングス,476,478
7456,松田産業,1622,1633
7458,第一興商,5320,5360
7459,メディパルホールディングス,1928,1943
7460,ヤギ,1839,1839
7461,キムラ,494,-
7462,ダイヤ通商,835,-
7463,アドヴァン,947,967
7464,セフテック,516,526
7465,マックスバリュ北海道,3225,3225
7466,SPK,2937,2937
7467,萩原電気,2730,2741
7472,鳥羽洋行,2280,2280
7475,アルビス,4250,4345
7476,アズワン,6290,6330
7477,ムラキ,113,113
7480,スズデン,1315,1319
7481,尾家産業,1298,1298
7482,シモジマ,1113,1116
7483,ドウシシャ,2417,2419
7485,岡谷鋼機,9390,9390
7486,サンリン,630,630
7487,小津産業,2127,2129
7488,ヤガミ,1218,1248
7490,日新商事,838,843
7494,コナカ,552,556
7500,西川計測,2413,2418
7501,ティムコ,533,536
7502,プラザクリエイト,362,362
7504,高速,1189,1195
7505,扶桑電通,2700,2700
7506,ハウスオブローゼ,1560,1561
7508,G-7ホールディングス,2201,2206
7509,アイエーグループ,703,703
7510,たけびし,1465,1477
7512,イオン北海道,619,625
7513,コジマ,394,397
7514,ヒマラヤ,920,925
7515,マルヨシセンター,395,395
7516,コーナン商事,2062,2062
7517,黒田電気,1942,1944
7518,ネットワンシステムズ,1173,1180
7519,五洋インテックス,760,768
7520,エコス,1144,1147
7521,ムサシ,1900,1940
7522,ワタミ,1574,1575
7523,アールビバン,645,645
7524,マルシェ,833,833
7525,リックス,1738,1744
7527,システムソフト,156,158
7531,清和中央ホールディングス,6010,-
7532,ドンキホーテホールディングス,4205,4315
7533,グリーンクロス,1990,1990
7537,丸文,845,848
7538,大水,249,250
7539,アイナボホールディングス,1070,1070
7544,スリーエフ,354,359
7545,西松屋チェーン,1234,1234
7550,ゼンショーホールディングス,2058,2060
7551,ウェッズ,689,689
7552,ハピネット,1692,1711
7554,幸楽苑ホールディングス,1751,1758
7555,大田花き,781,-
7559,ジーエフシー,1380,1380
7561,ハークスレイ,1152,1161
7562,安楽亭,4750,4750
7564,ワークマン,3350,3355
7565,萬世電機,849,850
7567,栄電子,394,399
7570,橋本総業ホールディングス,1639,1650
7571,ヤマノホールディングス,115,118
7575,日本ライフライン,6080,6130
7577,パスポート,502,507
7578,ニチリョク,232,232
7581,サイゼリヤ,3075,3125
7585,かんなん丸,1850,1851
7587,PALTEK,810,811
7590,タカショー,437,440
7591,エクセル,1828,1848
7593,VTホールディングス,631,631
7594,マルカキカイ,1820,1830
7595,アルゴグラフィックス,3380,3440
7596,魚力,1194,1200
7597,東京貴宝,293,294
7599,IDOM,664,668
7600,日本エム・ディ・エム,1061,1079
7601,ポプラ,602,609
7602,カーチスホールディングス,241,241
7603,マックハウス,884,891
7604,梅の花,2865,2865
7605,フジ・コーポレーション,2096,2100
7606,ユナイテッドアローズ,4045,4045
7607,進和,2216,2232
7608,エスケイジャパン,286,287
7609,ダイトロン,1934,1952
7610,テイツー,52,53
7611,ハイデイ日高,3400,3435
7612,Nuts,207,209
7613,シークス,4700,4700
7614,オーエムツーネットワーク,1314,1315
7615,京都きもの友禅,933,934
7616,コロワイド,2085,2085
7618,ピーシーデポコーポレーション,894,899
7619,田中商事,738,741
7621,うかい,3200,3200
7623,サンオータス,337,338
7624,NaITO,190,190
7625,グローバルダイニング,256,258
7628,オーハシテクニカ,1530,1538
7630,壱番屋,4730,4730
7634,星医療酸器,4250,4260
7635,杉田エース,1030,1031
7636,ハンズマン,1548,1582
7637,白銅,2012,2013
7638,ニューアート,29,30
7640,トップカルチャー,498,499
7643,ダイイチ,1342,1342
7646,PLANT,1315,1356
7647,音通,35,36
7648,トーカン,2070,2070
7649,スギホールディングス,5880,5930
7701,島津製作所,2204,2204
7702,JMS,337,337
7703,川澄化学工業,749,749
7705,ジーエルサイエンス,1661,1676
7707,プレシジョン・システム・サイエンス,577,583
7709,クボテック,559,576
7711,助川電気工業,725,725
7713,シグマ光機,1374,1375
7715,長野計器,1090,1094
7716,ナカニシ,4850,4880
7717,ブイ・テクノロジー,18810,18980
7718,スター精密,1866,1872
7719,東京衡機,38,39
7721,東京計器,306,312
7722,国際計測器,1182,1185
7723,愛知時計電機,3980,3995
7725,インターアクション,732,735
7726,黒田精工,578,582
7727,オーバル,278,280
7729,東京精密,3815,3830
7730,マニー,2647,2686
7731,ニコン,1865,1871
7732,トプコン,2005,2005
7733,オリンパス,3760,3795
7734,理研計器,2181,2224
7735,SCREENホールディングス,7390,7440
7739,キヤノン電子,2238,2239
7740,タムロン,2090,2096
7741,HOYA,6170,6195
7743,シード,4090,4095
7744,ノーリツ鋼機,1442,1479
7745,エー・アンド・デイ,515,518
7746,岡本硝子,222,222
7747,朝日インテック,5820,5870
7748,ホロン,675,680
7749,メディキット,5200,5330
7751,キヤノン,3799,3824
7752,リコー,1074,1079
7758,セコニックホールディングス,1288,1319
7760,IMV,745,782
7762,シチズン時計,773,778
7768,ジェコー,478,479
7769,リズム時計工業,231,232
7771,日本精密,151,151
7774,ジャパン・ティッシュ・エンジニアリング,1146,1146
7775,大研医器,778,783
7776,セルシード,482,483
7777,スリー・ディー・マトリックス,680,680
7779,CYBERDYNE,1430,1430
7780,メニコン,4415,4415
7781,平山ホールディングス,1819,1848
7782,シンシア,840,855
7810,クロスフォー,1013,1022
7811,中本パックス,3205,3220
7812,クレステック,1400,1400
7813,プラッツ,2923,2947
7814,日本創発グループ,799,800
7815,東京ボード工業,1320,1320
7816,スノーピーク,2763,2768
7817,パラマウントベッドホールディングス,4865,4895
7818,トランザクション,1003,1010
7819,SHO-BI,536,540
7820,ニホンフラッシュ,1597,1598
7821,前田工繊,1830,1830
7822,永大産業,538,541
7823,アートネイチャー,709,710
7825,ダンロップスポーツ,1519,1535
7826,フルヤ金属,3650,3695
7827,オービス,1153,1178
7829,サマンサタバサジャパンリミテッド,457,458
7831,ウイルコホールディングス,217,235
7832,バンダイナムコホールディングス,3650,3700
7833,アイフィスジャパン,516,517
7834,マルマン,213,213
7836,アビックス,145,146
7837,アールシーコア,1150,1150
7838,共立印刷,343,345
7839,SHOEI,3340,3345
7840,フランスベッドホールディングス,1038,1038
7841,遠藤製作所,630,630
7844,マーベラス,945,945
7846,パイロットコーポレーション,5040,5100
7847,グラファイトデザイン,580,581
7849,スターツ出版,2156,2181
7850,総合商研,809,809
7851,カワセコンピュータサプライ,320,321
7855,カーディナル,788,788
7856,萩原工業,3560,3570
7857,セキ,1455,1455
7859,アルメディオ,216,218
7860,エイベックス・グループ・ホールディングス,1447,1451
7862,トッパン・フォームズ,1159,1163
7863,平賀,477,479
7864,フジシールインターナショナル,3395,3400
7865,ピープル,1775,1781
7867,タカラトミー,1472,1477
7868,廣済堂,352,354
7869,日本フォームサービス,293,293
7870,福島印刷,421,423
7871,フクビ化学工業,703,708
7872,As-meエステール,709,712
7873,アーク,107,108
7874,レック,2972,2989
7875,竹田印刷,634,638
7877,永大化工,345,354
7878,光・彩,2540,-
7879,ノダ,1046,1046
7883,サンメッセ,463,463
7885,タカノ,1160,1165
7886,ヤマト・インダストリー,137,137
7887,南海プライウッド,604,611
7888,三光合成,410,410
7889,桑山,600,600
7891,日本ユピカ,584,-
7893,プロネクサス,1295,1300
7894,丸東産業,3120,-
7895,中央化学,432,436
7896,セブン工業,256,262
7897,ホクシン,200,201
7898,ウッドワン,361,362
7899,MICS化学,367,368
7901,マツモト,298,298
7902,ソノコム,1066,1070
7903,名古屋木材,1611,-
7905,大建工業,2687,2687
7906,ヨネックス,843,850
7908,きもと,240,241
7911,凸版印刷,1090,1112
7912,大日本印刷,1310,1327
7913,図書印刷,530,530
7914,共同印刷,375,375
7915,日本写真印刷,2912,2956
7916,光村印刷,241,242
7917,藤森工業,3795,3805
7918,ヴィア・ホールディングス,865,868
7919,野崎印刷紙業,166,168
7921,宝印刷,1636,1640
7922,三光産業,420,421
7923,トーイン,584,593
7925,前澤化成工業,1229,1235
7927,ムトー精工,1270,1280
7928,旭化学工業,430,444
7931,未来工業,1690,1690
7932,ニッピ,805,811
7936,アシックス,1653,1657
7937,ツツミ,1876,1883
7938,リーガルコーポレーション,288,288
7939,研創,405,406
7940,ウェーブロックホールディングス,1410,1429
7942,JSP,3375,3385
7943,ニチハ,4040,4040
7945,コマニー,1556,1556
7946,光陽社,161,161
7947,エフピコ,5560,5630
7949,小松ウオール工業,1972,1994
7950,日本デコラックス,771,-
7951,ヤマハ,3855,3910
7952,河合楽器製作所,2222,2265
7953,菊水化学工業,499,500
7955,クリナップ,903,903
7956,ピジョン,3995,4180
7957,フジコピアン,1740,1749
7958,天馬,2250,2250
7959,オリバー,1626,-
7961,兼松サステック,239,240
7962,キングジム,1008,1012
7963,興研,1888,1970
7965,象印マホービン,1060,1060
7966,リンテック,3030,3060
7970,信越ポリマー,1017,1017
7971,東リ,398,402
7972,イトーキ,858,861
7974,任天堂,38250,38350
7975,リヒトラブ,2062,2063
7976,三菱鉛筆,2813,2846
7979,松風,1297,1308
7980,重松製作所,786,822
7981,タカラスタンダード,1972,1977
7983,ミロク,580,582
7984,コクヨ,1823,1830
7985,ネポン,213,213
7986,日本アイ・エス・ケイ,180,180
7987,ナカバヤシ,330,332
7988,ニフコ,6760,6800
7989,立川ブラインド工業,1108,1123
7990,グローブライド,1934,1948
7991,マミヤ・オーピー,1185,1190
7992,セーラー万年筆,236,237
7994,岡村製作所,1238,1243
7995,日本バルカー工業,2867,2869
7997,くろがね工作所,1492,1492
7999,MUTOHホールディングス,250,251
8001,伊藤忠商事,1797,1805
8002,丸紅,737.9,741
8005,スクロール,389,389
8006,ユアサ・フナショク,322,325
8007,高島,233,234
8008,ヨンドシーホールディングス,3195,3215
8011,三陽商会,1629,1639
8012,長瀬産業,1820,1862
8013,ナイガイ,595,603
8014,蝶理,1977,2045
8015,豊田通商,3575,3600
8016,オンワードホールディングス,821,821
8018,三共生興,420,420
8020,兼松,271,272
8022,美津濃,651,661
8023,大興電子通信,652,680
8025,ツカモトコーポレーション,124,124
8028,ユニー・ファミリーマートホールディングス,5590,5640
8029,ルック,362,367
8030,中央魚類,281,281
8031,三井物産,1659.5,1671.5
8032,日本紙パルプ商事,477,477
8035,東京エレクトロン,16645,16645
8036,日立ハイテクノロジーズ,3975,3980
8037,カメイ,1711,1717
8038,東都水産,1934,1953
8039,築地魚市場,1256,1256
8040,東京ソワール,195,195
8041,OUGホールディングス,287,287
8043,スターゼン,5230,5280
8044,大都魚類,126,126
8045,横浜丸魚,595,595
8046,丸藤シートパイル,328,335
8050,セイコーホールディングス,491,495
8051,山善,1163,1165
8052,椿本興業,577,580
8053,住友商事,1585.5,1596.5
8056,日本ユニシス,1694,1712
8057,内田洋行,3480,3505
8058,三菱商事,2596,2599
8059,第一実業,597,599
8060,キヤノンマーケティングジャパン,2555,2582
8061,西華産業,593,594
8065,佐藤商事,1114,1118
8066,三谷商事,4300,4300
8068,菱洋エレクトロ,1989,1993
8070,東京産業,488,490
8071,東海エレクトロニクス,3155,3155
8072,日本出版貿易,156,156
8074,ユアサ商事,3975,4000
8075,神鋼商事,3880,3905
8076,カノークス,1015,1015
8077,小林産業,354,356
8078,阪和興業,760,762
8079,正栄食品工業,4590,4620
8081,カナデン,1156,1164
8084,菱電商事,794,794
8085,ナラサキ産業,330,330
8086,ニプロ,1462,1464
8087,フルサト工業,1744,1748
8088,岩谷産業,659,668
8089,すてきナイスグループ,152,154
8090,昭光通商,105,106
8091,ニチモウ,202,203
8093,極東貿易,326,329
8095,イワキ,481,491
8096,兼松エレクトロニクス,3325,3325
8097,三愛石油,1208,1213
8098,稲畑産業,1445,1465
8101,GSIクレオス,223,224
8103,明和産業,425,435
8104,クワザワ,620,620
8105,堀田丸正,387,395
8107,キムラタン,7,7
8108,ヤマエ久野,1275,1275
8111,ゴールドウイン,7610,7610
8113,ユニ・チャーム,2571,2582
8114,デサント,1442,1448
8115,ムーンバット,914,914
8117,中央自動車工業,1749,1770
8118,キング,485,488
8119,三栄コーポレーション,3875,3875
8123,川辺,198,198
8125,ワキタ,1338,1370
8127,ヤマトインターナショナル,476,479
8129,東邦ホールディングス,2089,2092
8130,サンゲツ,1990,2005
8131,ミツウロコグループホールディングス,864,890
8132,シナネンホールディングス,2226,2277
8133,伊藤忠エネクス,1142,1143
8135,ゼット,194,199
8136,サンリオ,2122,2147
8137,サンワテクノス,1819,1831
8138,三京化成,272,273
8139,ナガホリ,230,232
8140,リョーサン,4695,4735
8141,新光商事,1943,1945
8142,トーホー,2637,2683
8143,ラピーヌ,801,820
8144,電響社,1396,1396
8145,中部水産,265,265
8147,トミタ,1006,1010
8148,上原成商事,861,865
8150,三信電気,1661,1666
8151,東陽テクニカ,1023,1024
8152,ソマール,286,309
8153,モスフードサービス,3535,3540
8154,加賀電子,3130,3135
8155,三益半導体工業,1762,1768
8157,都築電気,858,860
8158,ソーダニッカ,574,576
8159,立花エレテック,1696,1706
8160,木曽路,2759,2768
8163,サトレストランシステムズ,935,942
8165,千趣会,676,677
8166,タカキュー,225,230
8167,リテールパートナーズ,1224,1227
8168,ケーヨー,779,780
8171,マックスバリュ中部,1275,1280
8173,上新電機,1830,1834
8174,日本瓦斯,3480,3535
8179,ロイヤルホールディングス,2791,2809
8181,東天紅,2466,2480
8182,いなげや,1958,1958
8184,島忠,2788,2815
8185,チヨダ,2765,2770
8186,大塚家具,839,841
8190,ヤマナカ,873,880
8191,光製作所,917,-
8194,ライフコーポレーション,2799,2805
8198,マックスバリュ東海,2110,2110
8200,リンガーハット,2558,2558
8201,さが美,119,119
8202,ラオックス,480,490
8203,ミスターマックス・ホールディングス,532,536
8205,シャクリー・グローバル・グループ,875,875
8207,テンアライド,423,426
8208,エンチョー,435,435
8209,フレンドリー,218,219
8214,AOKIホールディングス,1409,1413
8215,銀座山形屋,1716,1722
8217,オークワ,1199,1199
8218,コメリ,3210,3210
8219,青山商事,3960,3965
8225,タカチホ,178,178
8226,理経,217,220
8227,しまむら,13520,13520
8228,マルイチ産商,1244,1245
8230,はせがわ,496,498
8233,高島屋,1006,1038
8237,松屋,1041,1042
8242,エイチ・ツー・オーリテイリング,1886,1952
8244,近鉄百貨店,3700,3700
8247,大和,581,590
8249,テクノアソシエ,1284,1286
8251,パルコ,1327,1346
8252,丸井グループ,1601,1615
8253,クレディセゾン,1997,2004
8254,さいか屋,528,532
8255,アクシアルリテイリング,4455,4490
8256,プロルート丸光,211,211
8257,山陽百貨店,1371,1372
8260,井筒屋,461,471
8267,イオン,1616.5,1618
8273,イズミ,5890,5950
8274,東武ストア,3085,3120
8275,フォーバル,704,706
8276,平和堂,2495,2520
8278,フジ,2791,2808
8279,ヤオコー,5320,5340
8281,ゼビオホールディングス,2112,2120
8282,ケーズホールディングス,2404,2415
8283,PALTAC,4250,4260
8285,三谷産業,399,399
8287,マックスバリュ西日本,1676,1680
8289,Olympicグループ,576,579
8291,日産東京販売ホールディングス,391,395
8293,ATグループ,2725,2725
8298,ファミリー,404,408
8301,日本銀行（優先出資証券）,37700,-
8303,新生銀行,171,173
8304,あおぞら銀行,422,425
8306,三菱UFJフィナンシャル・グループ,681.6,684.8
8308,りそなホールディングス,542.7,545.7
8309,三井住友トラスト・ホールディングス,3880,3896
8316,三井住友フィナンシャルグループ,4161,4184
8324,第四銀行,511,515
8325,北越銀行,2469,2469
8331,千葉銀行,739,742
8334,群馬銀行,642,643
8336,武蔵野銀行,3085,3130
8337,千葉興業銀行,556,557
8338,筑波銀行,361,361
8341,七十七銀行,514,517
8342,青森銀行,425,425
8343,秋田銀行,342,342
8344,山形銀行,520,520
8345,岩手銀行,4330,4350
8346,東邦銀行,394,395
8349,東北銀行,150,150
8350,みちのく銀行,190,190
8354,ふくおかフィナンシャルグループ,481,483
8355,静岡銀行,964,972
8356,十六銀行,339,344
8358,スルガ銀行,2323,2352
8359,八十二銀行,653,654
8360,山梨中央銀行,448,448
8361,大垣共立銀行,295,296
8362,福井銀行,285,285
8363,北國銀行,459,459
8364,清水銀行,3330,3330
8365,富山銀行,3790,3820
8366,滋賀銀行,580,584
8367,南都銀行,3035,3050
8368,百五銀行,461,462
8369,京都銀行,1044,1047
8370,紀陽銀行,1725,1744
8374,三重銀行,2585,2585
8377,ほくほくフィナンシャルグループ,1654,1657
8379,広島銀行,428,431
8381,山陰合同銀行,893,901
8382,中国銀行,1437,1445
8383,鳥取銀行,1692,1698
8385,伊予銀行,817,819
8386,百十四銀行,368,368
8387,四国銀行,325,325
8388,阿波銀行,686,688
8392,大分銀行,446,448
8393,宮崎銀行,380,380
8395,佐賀銀行,264,264
8396,十八銀行,263,263
8397,沖縄銀行,4420,4420
8398,筑邦銀行,219,220
8399,琉球銀行,1626,1626
8410,セブン銀行,402,403
8411,みずほフィナンシャルグループ,191.2,191.8
8416,高知銀行,124,124
8418,山口フィナンシャルグループ,1258,1260
8421,信金中央金庫（優先出資証券）,,234100
8423,アクリーティブ,444,448
8424,芙蓉総合リース,6830,6870
8425,興銀リース,2812,2812
8439,東京センチュリー,4700,4785
8462,フューチャーベンチャーキャピタル,1438,1449
8473,SBIホールディングス,1554,1561
8508,Jトラスト,896,896
8511,日本証券金融,569,569
8515,アイフル,390,394
8518,日本アジア投資,394,395
8519,ポケットカード,1063,1063
8521,長野銀行,1928,1934
8522,名古屋銀行,4215,4225
8524,北洋銀行,327,329
8527,愛知銀行,6440,6440
8529,第三銀行,1785,1785
8530,中京銀行,2324,2330
8537,大光銀行,235,235
8540,福岡中央銀行,363,363
8541,愛媛銀行,1426,1436
8542,トマト銀行,1496,1502
8543,みなと銀行,1811,1815
8544,京葉銀行,478,482
8545,関西アーバン銀行,1301,1304
8550,栃木銀行,451,451
8551,北日本銀行,3060,3060
8554,南日本銀行,154,154
8558,東和銀行,113,114
8559,豊和銀行,78,78
8560,宮崎太陽銀行,172,-
8562,福島銀行,89,91
8563,大東銀行,170,170
8566,リコーリース,4020,4020
8570,イオンフィナンシャルサービス,2308,2319
8572,アコム,439,445
8584,ジャックス,540,543
8585,オリエントコーポレーション,184,184
8586,日立キャピタル,2554,2554
8589,アプラスフィナンシャル,107,108
8591,オリックス,1765,1777
8593,三菱UFJリース,557,558
8594,中道リース,350,350
8595,ジャフコ,5460,5520
8596,九州リースサービス,788,792
8600,トモニホールディングス,465,468
8601,大和証券グループ本社,615.4,617.7
8604,野村ホールディングス,614.8,618.3
8609,岡三証券グループ,612,612
8613,丸三証券,934,934
8614,東洋証券,247,247
8616,東海東京フィナンシャル・ホールディングス,620,622
8617,光世証券,156,156
8622,水戸証券,319,319
8624,いちよし証券,1038,1038
8628,松井証券,846,846
8630,SOMPOホールディングス,4327,4338
8685,アメリカン・インターナショナル・グループ・インク,6750,6830
8686,アフラック・インコーポレーテッド,9020,9020
8692,だいこう証券ビジネス,661,668
8697,日本取引所グループ,1861,1864
8698,マネックスグループ,285,286
8699,澤田ホールディングス,1008,1008
8700,丸八証券,121,121
8703,カブドットコム証券,326,327
8704,トレイダーズホールディングス,178,190
8705,岡藤ホールディングス,180,180
8706,極東証券,1503,1527
8707,岩井コスモホールディングス,1296,1298
8708,藍澤證券,766,768
8709,インヴァスト証券,1265,1283
8713,フィデアホールディングス,193,193
8714,池田泉州ホールディングス,411,414
8715,アニコムホールディングス,3280,3285
8725,MS＆ADインシュアランスグループホールディングス,3591,3605
8729,ソニーフィナンシャルホールディングス,1755,1757
8732,マネーパートナーズグループ,459,462
8737,あかつき本社,463,463
8739,スパークス・グループ,202,203
8740,フジトミ,283,283
8742,小林洋行,276,276
8746,第一商品,227,228
8747,豊商事,357,360
8750,第一生命ホールディングス,1832.5,1839
8766,東京海上ホールディングス,4415,4421
8769,アドバンテッジリスクマネジメント,1169,1169
8771,イー・ギャランティ,3075,3115
8772,アサックス,1731,1731
8783,GFA,846,852
8787,UCS,1509,1522
8789,フィンテックグローバル,112,112
8793,NECキャピタルソリューション,2081,2085
8795,T＆Dホールディングス,1521.5,1532
8798,アドバンスクリエイト,1940,1941
8801,三井不動産,2332.5,2344
8802,三菱地所,1888,1904
8803,平和不動産,1905,1909
8804,東京建物,1357,1362
8806,ダイビル,1145,1145
8818,京阪神ビルディング,697,703
8830,住友不動産,3372,3392
8835,太平洋興発,102,104
8836,RISE,37,38
8840,大京,216,217
8841,テーオーシー,1002,1014
8842,東京楽天地,5530,5610
8844,コスモスイニシア,411,415
8848,レオパレス21,802,805
8850,スターツコーポレーション,2794,2794
8851,アーバンライフ,99,100
8854,日住サービス,2475,-
8860,フジ住宅,805,807
8864,空港施設,587,595
8869,明和地所,918,923
8871,ゴールドクレスト,2508,2510
8876,リログループ,2680,2690
8877,日本エスリード,2017,2046
8881,日神不動産,697,714
8885,ラ・アトレ,647,650
8886,ウッドフレンズ,2588,2588
8887,リベレステ,880,882
8889,アパマンショップホールディングス,777,778
8890,レーサム,946,946
8891,エムジーホーム,872,872
8892,日本エスコン,471,472
8893,新日本建物,230,231
8894,原弘産,26,27
8897,タカラレーベン,528,533
8898,センチュリー21・ジャパン,1371,1379
8903,サンウッド,554,561
8904,サンヨーハウジング名古屋,1040,1052
8905,イオンモール,2004,2012
8908,毎日コムネット,776,777
8909,シノケングループ,2424,2441
8912,エリアクエスト,148,148
8914,エリアリンク,2155,2158
8917,ファースト住建,1665,1672
8918,ランド,16,16
8920,東祥,5570,5620
8922,日本アセットマーケティング,122,122
8923,トーセイ,916,919
8925,アルデプロ,120,120
8927,明豊エンタープライズ,337,337
8928,穴吹興産,2968,2988
8929,青山財産ネットワークス,1330,1336
8931,和田興産,831,834
8933,エヌ・ティ・ティ都市開発,1078,1079
8934,サンフロンティア不動産,1131,1134
8935,エフ・ジェー・ネクスト,954,968
8938,LCホールディングス,1377,1386
8940,インテリックス,895,896
8944,ランドビジネス,302,303
8945,日本社宅サービス,781,799
8946,ASIANSTAR,150,152
8995,誠建設工業,725,725
8996,ハウスフリーダム,498,500
8999,グランディハウス,424,427
9001,東武鉄道,618,620
9003,相鉄ホールディングス,539,542
9005,東京急行電鉄,1575,1591
9006,京浜急行電鉄,1141,1162
9007,小田急電鉄,2106,2148
9008,京王電鉄,920,936
9009,京成電鉄,3030,3145
9010,富士急行,1184,1193
9012,秩父鉄道,254,254
9014,新京成電鉄,415,415
9017,新潟交通,198,198
9020,東日本旅客鉄道,10090,10220
9021,西日本旅客鉄道,7816,7849
9022,東海旅客鉄道,19020,19385
9024,西武ホールディングス,1823,1828
9025,鴻池運輸,1630,1640
9027,ロジネットジャパン,850,-
9028,ゼロ,1651,1660
9029,ヒガシトゥエンティワン,385,388
9031,西日本鉄道,533,546
9033,広島電鉄,1086,1100
9034,南総通運,1100,1100
9035,第一交通産業,893,899
9036,東部ネットワーク,1095,1095
9037,ハマキョウレックス,2954,2981
9039,サカイ引越センター,5800,5860
9040,大宝運輸,3850,3880
9041,近鉄グループホールディングス,423,424
9042,阪急阪神ホールディングス,4175,4190
9044,南海電気鉄道,555,568
9045,京阪ホールディングス,662,673
9046,神戸電鉄,412,417
9048,名古屋鉄道,492,495
9049,京福電気鉄道,290,-
9051,センコン物流,732,-
9052,山陽電気鉄道,584,586
9055,アルプス物流,880,887
9057,遠州トラック,1519,1520
9058,トランコム,5870,5940
9059,カンダホールディングス,970,977
9060,日本ロジテム,333,377
9062,日本通運,740,743
9063,岡山県貨物運送,290,-
9064,ヤマトホールディングス,2224.5,2232
9065,山九,882,889
9066,日新,590,593
9067,丸運,308,310
9068,丸全昭和運輸,515,518
9069,センコーグループホールディングス,792,793
9070,トナミホールディングス,536,536
9072,ニッコンホールディングス,2615,2638
9073,京極運輸商事,408,420
9074,日本石油輸送,2863,2888
9075,福山通運,668,673
9076,セイノーホールディングス,1486,1492
9077,名鉄運輸,490,490
9078,エスライン,1118,1124
9081,神奈川中央交通,732,732
9082,大和自動車交通,517,-
9083,神姫バス,880,882
9085,北海道中央バス,560,-
9086,日立物流,2505,2530
9087,タカセ,198,198
9090,丸和運輸機関,4655,4685
9099,C＆Fロジホールディングス,1350,1369
9101,日本郵船,224,225
9104,商船三井,339,344
9107,川崎汽船,290,294
9110,NSユナイテッド海運,236,236
9115,明治海運,394,395
9119,飯野海運,502,502
9127,玉井商船,101,102
9130,共栄タンカー,228,230
9133,東栄リーファーライン,415,415
9142,九州旅客鉄道,3275,3280
9171,栗林商船,467,-
9173,東海汽船,2095,2095
9176,佐渡汽船,246,248
9179,川崎近海汽船,343,344
9193,東京汽船,760,-
9201,日本航空,3761,3763
9202,ANAホールディングス,419.8,421.8
9206,スターフライヤー,4200,4200
9232,パスコ,344,344
9233,アジア航測,910,973
9301,三菱倉庫,1372,1383
9302,三井倉庫ホールディングス,337,337
9303,住友倉庫,736,741
9304,澁澤倉庫,397,398
9305,ヤマタネ,1819,1857
9306,東陽倉庫,307,311
9307,杉村倉庫,634,639
9308,乾汽船,740,748
9310,日本トランスシティ,481,481
9311,アサガミ,459,-
9312,ケイヒン,165,166
9313,丸八倉庫,833,-
9318,アジア開発キャピタル,15,15
9319,中央倉庫,1122,1124
9322,川西倉庫,2226,2263
9324,安田倉庫,821,824
9325,ファイズ,5590,5600
9351,東洋埠頭,193,196
9353,櫻島埠頭,265,267
9355,リンコーコーポレーション,189,190
9357,名港海運,1130,1130
9358,宇徳,506,510
9359,伊勢湾海運,651,651
9360,鈴与シンワート,189,189
9361,伏木海陸運送,1364,-
9362,兵機海運,171,171
9363,大運,47,47
9364,上組,1272,1272
9365,トレーディア,155,-
9366,サンリツ,774,779
9367,大東港運,436,440
9368,キムラユニティー,1181,1185
9369,キユーソー流通システム,2985,3030
9370,郵船ロジスティクス,1001,1001
9375,近鉄エクスプレス,1705,1721
9376,ユーラシア旅行社,574,580
9377,エージーピー,834,834
9380,東海運,404,404
9381,エーアイテイー,1109,1114
9384,内外トランスライン,1520,1520
9385,ショーエイコーポレーション,503,518
9386,日本コンセプト,1199,1205
9399,新華ホールディングス,,198
9401,東京放送ホールディングス,2122,2158
9402,中部日本放送,813,819
9404,日本テレビホールディングス,1913,1954
9405,朝日放送,859,863
9407,RKB毎日放送,5160,-
9408,新潟放送,874,874
9409,テレビ朝日ホールディングス,2135,2155
9412,スカパーJSATホールディングス,504,505
9413,テレビ東京ホールディングス,2355,2383
9414,日本BS放送,1265,1267
9416,ビジョン,2477,2494
9417,スマートバリュー,2223,2247
9418,U-NEXT,1056,1077
9419,ワイヤレスゲート,1346,1357
9421,エヌジェイホールディングス,3880,3920
9422,コネクシオ,1933,1959
9423,フォーバル・リアルストレート,107,108
9424,日本通信,136,137
9425,日本テレホン,435,436
9428,クロップス,804,819
9432,日本電信電話,5127,5148
9433,KDDI,2936,2940.5
9435,光通信,13830,13840
9436,沖縄セルラー電話,3840,3910
9437,NTTドコモ,2539.5,2539.5
9438,エムティーアイ,707,714
9439,エム・エイチ・グループ,264,264
9441,ベルパーク,3295,3295
9444,トーシン,629,629
9445,フォーバルテレコム,399,403
9446,エスケーアイ,681,684
9449,GMOインターネット,1460,1460
9466,アイドママーケティングコミュニケーション,646,650
9467,アルファポリス,1138,1150
9468,カドカワ,1340,1346
9470,学研ホールディングス,3210,3210
9471,文溪堂,922,922
9474,ゼンリン,3410,3415
9475,昭文社,746,748
9476,中央経済社ホールディングス,499,499
9478,SEホールディングス・アンド・インキュベーションズ,250,250
9479,インプレスホールディングス,151,152
9501,東京電力ホールディングス,451,460
9502,中部電力,1415.5,1445.5
9503,関西電力,1519.5,1538.5
9504,中国電力,1229,1253
9505,北陸電力,1006,1033
9506,東北電力,1493,1512
9507,四国電力,1395,1431
9508,九州電力,1226,1243
9509,北海道電力,813,819
9511,沖縄電力,2468,2508
9513,電源開発,2896,2955
9514,エフオン,1359,1400
9517,イーレックス,1023,1031
9519,レノバ,1169,1177
9531,東京瓦斯,555.1,578.7
9532,大阪瓦斯,420.6,430.9
9533,東邦瓦斯,681,706
9534,北海道瓦斯,278,279
9535,広島ガス,351,353
9536,西部瓦斯,274,274
9537,北陸瓦斯,2870,2870
9539,京葉瓦斯,554,564
9543,静岡ガス,882,884
9551,メタウォーター,3040,3050
9600,アイネット,1451,1472
9601,松竹,15880,15880
9602,東宝,3930,3945
9603,エイチ・アイ・エス,3460,3535
9605,東映,1291,1296
9610,ウィルソン・ラーニングワールドワイド,351,351
9612,ラックランド,2052,2057
9613,エヌ・ティ・ティ・データ,1183,1185
9616,共立メンテナンス,3135,3160
9619,イチネンホールディングス,1470,1474
9621,建設技術研究所,1016,1023
9622,スペース,1591,1595
9624,長大,915,920
9625,セレスポ,1315,1328
9627,アインホールディングス,7950,8190
9628,燦ホールディングス,2480,2497
9629,ピー・シー・エー,1563,1566
9631,東急レクリエーション,842,845
9632,スバル興業,6370,6380
9633,東京テアトル,154,154
9635,武蔵野興業,282,282
9636,きんえい,3275,3275
9637,オーエス,3465,3485
9639,三協フロンテア,1400,1404
9640,セゾン情報システムズ,1604,1619
9641,サコス,361,361
9643,中日本興業,10150,10150
9644,タナベ経営,1414,1419
9647,協和コンサルタンツ,2030,2030
9651,日本プロセス,1294,1296
9656,グリーンランドリゾート,420,422
9658,ビジネスブレイン太田昭和,1429,1442
9661,歌舞伎座,5560,5560
9663,ナガワ,4095,4095
9664,御園座,689,689
9671,よみうりランド,488,488
9672,東京都競馬,3350,3375
9674,花月園観光,99,101
9675,常磐興産,1812,1829
9678,カナモト,3370,3390
9679,ホウライ,2378,2399
9681,東京ドーム,1001,1022
9682,DTS,3090,3130
9684,スクウェア・エニックス・ホールディングス,3895,3920
9685,KYCOMホールディングス,314,-
9686,東洋テック,1132,1135
9687,KSK,1435,1452
9691,両毛システムズ,1183,1183
9692,シーイーシー,2675,2692
9695,鴨川グランドホテル,340,-
9696,ウィザス,395,397
9697,カプコン,2698,2716
9698,クレオ,508,512
9699,西尾レントオール,3680,3685
9701,東京會舘,3440,3440
9702,アイ・エス・ビー,1276,1277
9704,アゴーラ・ホスピタリティー・グループ,35,35
9706,日本空港ビルデング,3765,3825
9707,ユニマットリタイアメント・コミュニティ,1270,1270
9708,帝国ホテル,2100,2100
9709,NCS＆A,409,410
9713,ロイヤルホテル,201,202
9715,トランス・コスモス,2463,2467
9716,乃村工藝社,2497,2497
9717,ジャステック,1338,1343
9719,SCSK,4560,4625
9720,ホテル、ニューグランド,2999,2999
9722,藤田観光,3460,3470
9723,京都ホテル,770,774
9726,KNT-CTホールディングス,217,217
9728,日本管財,2038,2047
9729,トーカイ,4835,4835
9731,白洋舎,3220,3270
9733,ナガセ,4400,-
9734,精養軒,906,929
9735,セコム,8158,8187
9739,日本システムウエア,2106,2125
9740,セントラル警備保障,2068,2096
9742,アイネス,996,1019
9743,丹青社,1409,1409
9744,メイテック,5340,5340
9746,TKC,3255,3285
9747,アサツーディ・ケイ,3040,3085
9749,富士ソフト,3250,3250
9753,アイエックス・ナレッジ,393,393
9755,応用地質,1619,1619
9757,船井総研ホールディングス,3420,3475
9758,ジャパンシステム,455,457
9759,NSD,2024,2036
9760,進学会,538,542
9761,東海リース,214,214
9763,丸紅建材リース,223,225
9764,技研興業,500,606
9765,オオバ,511,513
9766,コナミホールディングス,5520,5590
9767,日建工学,178,178
9768,いであ,1047,1070
9769,学究社,1546,1559
9776,札幌臨床検査センター,1451,1464
9778,昴,4265,4265
9780,ハリマビステム,460,-
9782,ディーエムエス,1300,1311
9783,ベネッセホールディングス,3865,3870
9787,イオンディライト,3940,3940
9788,ナック,957,963
9790,福井コンピュータホールディングス,2793,2814
9791,ビケンテクノ,783,783
9792,ニチイ学館,1184,1195
9793,ダイセキ,2774,2786
9795,ステップ,1483,1486
9797,大日本コンサルタント,522,523
9799,旭情報サービス,1010,1010
9810,日鉄住金物産,6060,6070
9812,テーオーホールディングス,857,880
9816,ストライダーズ,63,64
9818,大丸エナウィン,803,-
9820,エムティジェネックス,224,224
9823,マミーマート,2305,2344
9824,泉州電業,2289,2297
9826,JEUGIA,161,162
9827,リリカラ,145,149
9828,元気寿司,2495,2544
9829,ながの東急百貨店,203,-
9830,トラスコ中山,2697,2698
9831,ヤマダ電機,595,597
9832,オートバックスセブン,1864,1864
9835,ジュンテンドー,597,599
9836,リーバイ・ストラウスジャパン,300,302
9837,モリト,1010,1014
9842,アークランドサカモト,1587,1587
9843,ニトリホールディングス,18000,18080
9845,パーカーコーポレーション,638,639
9846,天満屋ストア,1115,1125
9849,共同紙販ホールディングス,422,-
9850,グルメ杵屋,1160,1161
9852,CBグループマネジメント,742,742
9853,銀座ルノアール,890,892
9854,愛眼,264,274
9856,ケーユーホールディングス,937,945
9857,英和,874,884
9861,吉野家ホールディングス,1881,1884
9867,ソレキア,3970,3980
9869,加藤産業,3325,3330
9872,北恵,779,785
9873,日本KFCホールディングス,2035,2035
9876,コックス,260,262
9878,セキド,85,86
9880,イノテック,949,967
9882,イエローハット,3085,3085
9885,シャルレ,493,493
9887,松屋フーズ,4310,4325
9888,UEX,665,673
9889,JBCCホールディングス,1035,1039
9890,マキヤ,673,675
9895,コンセック,234,234
9896,JKホールディングス,806,812
9899,ジョリーパスタ,1647,1649
9900,サガミチェーン,1398,1402
9902,日伝,4510,4520
9903,カンセキ,770,776
9904,ベリテ,200,203
9906,藤井産業,1460,1461
9908,日本電計,1624,1629
9909,愛光電気,2930,-
9913,日邦産業,376,383
9914,植松商会,420,-
9919,関西スーパーマーケット,1430,1430
9924,ドミー,491,-
9927,ワットマン,144,145
9928,ミロク情報サービス,2720,2720
9929,平和紙業,469,-
9930,北沢産業,211,211
9932,杉本商事,1684,1693
9934,因幡電機産業,4500,4500
9936,王将フードサービス,4440,4445
9941,太洋物産,951,951
9942,ジョイフル,1198,1201
9943,ココスジャパン,2280,2280
9945,プレナス,2445,2450
9946,ミニストップ,2161,2171
9948,アークス,2480,2480
9950,ハチバン,3455,3480
9955,ヨンキュウ,1420,1420
9956,バローホールディングス,2363,2410
9957,バイテックホールディングス,1724,1732
9959,アシードホールディングス,704,704
9960,東テク,2022,2024
9962,ミスミグループ本社,3000,3020
9964,アイ・テック,1463,1463
9966,藤久,1725,1729
9967,堺商事,320,320
9969,ショクブン,505,505
9972,アルテック,228,228
9973,小僧寿し,84,85
9974,ベルク,5590,5590
9976,セキチュー,700,-
9977,アオキスーパー,1306,1306
9978,文教堂グループホールディングス,577,577
9979,大庄,1695,1707
9980,マルコ,400,402
9982,タキヒヨー,2292,2306
9983,ファーストリテイリング,32150,32240
9984,ソフトバンクグループ,8587,8618
9986,蔵王産業,1554,1556
9987,スズケン,3965,3975
9989,サンドラッグ,4700,4750
9990,サックスバーホールディングス,1292,1299
9991,ジェコス,1212,1215
9992,理研グリーン,364,364
9993,ヤマザワ,1723,1730
9994,やまや,1618,1631
9995,ルネサスイーストン,659,660
9996,サトー商会,1346,1369
9997,ベルーナ,1025,1044